Order_ID,Order_Date,Category,Sub_Category,Region,Sales,Quantity,Discount,Profit
ORD-10000,2024-01-01 00:00:00.000000,Office Supplies,Paper,East,2212.96,8,0.1,212.21
ORD-10001,2024-01-01 21:53:09.189189,Office Supplies,Art,West,1234.14,5,0.2,65.33
ORD-10002,2024-01-02 19:46:18.378378,Furniture,Tables,South,107.28,2,0.5,15.24
ORD-10003,2024-01-03 17:39:27.567567,Furniture,Tables,North,1150.49,9,0.2,191.54
ORD-10004,2024-01-04 15:32:36.756756,Office Supplies,Binders,South,427.52,3,0.3,91.36
ORD-10005,2024-01-05 13:25:45.945945,Office Supplies,Paper,East,641.66,7,0.1,212.74
ORD-10006,2024-01-06 11:18:55.135135,Furniture,Tables,South,224.08,9,0.1,55.2
ORD-10007,2024-01-07 09:12:04.324324,Office Supplies,Art,West,292.05,8,0.0,37.28
ORD-10008,2024-01-08 07:05:13.513513,Furniture,Tables,South,847.26,6,0.5,278.81
ORD-10009,2024-01-09 04:58:22.702702,Furniture,Tables,South,859.58,4,0.3,48.64
ORD-10010,2024-01-10 02:51:31.891891,Technology,Phones,South,1508.2,5,0.0,202.52
ORD-10011,2024-01-11 00:44:41.081081,Technology,Phones,North,27.51,1,0.0,7.75
ORD-10012,2024-01-11 22:37:50.270270,Office Supplies,Art,East,289.16,1,0.2,77.36
ORD-10013,2024-01-12 20:30:59.459459,Technology,Laptops,East,4132.63,9,0.0,979.39
ORD-10014,2024-01-13 18:24:08.648648,Furniture,Chairs,West,592.45,7,0.5,149.3
ORD-10015,2024-01-14 16:17:17.837837,Furniture,Bookcases,East,163.04,1,0.2,41.36
ORD-10016,2024-01-15 14:10:27.027027,Furniture,Bookcases,East,248.27,7,0.1,12.31
ORD-10017,2024-01-16 12:03:36.216216,Technology,Accessories,East,868.62,7,0.5,165.96
ORD-10018,2024-01-17 09:56:45.405405,Furniture,Chairs,East,1215.11,7,0.2,130.78
ORD-10019,2024-01-18 07:49:54.594594,Technology,Accessories,East,262.94,3,0.1,60.4
ORD-10020,2024-01-19 05:43:03.783783,Furniture,Chairs,North,1004.37,6,0.3,100.43
ORD-10021,2024-01-20 03:36:12.972972,Furniture,Tables,East,3150.87,7,0.0,414.78
ORD-10022,2024-01-21 01:29:22.162162,Office Supplies,Binders,North,605.55,4,0.2,27.54
ORD-10023,2024-01-21 23:22:31.351351,Office Supplies,Paper,South,1585.66,5,0.1,237.89
ORD-10024,2024-01-22 21:15:40.540540,Office Supplies,Art,South,2859.59,8,0.0,198.65
ORD-10025,2024-01-23 19:08:49.729729,Furniture,Tables,East,361.89,2,0.5,39.02
ORD-10026,2024-01-24 17:01:58.918918,Technology,Accessories,North,261.29,2,0.5,30.11
ORD-10027,2024-01-25 14:55:08.108108,Technology,Accessories,South,494.73,2,0.1,169.03
ORD-10028,2024-01-26 12:48:17.297297,Office Supplies,Art,East,536.26,8,0.5,118.54
ORD-10029,2024-01-27 10:41:26.486486,Furniture,Tables,East,73.88,1,0.2,3.83
ORD-10030,2024-01-28 08:34:35.675675,Technology,Accessories,West,89.48,4,0.2,22.2
ORD-10031,2024-01-29 06:27:44.864864,Office Supplies,Paper,North,1480.56,8,0.1,444.11
ORD-10032,2024-01-30 04:20:54.054054,Office Supplies,Paper,North,834.94,2,0.1,104.36
ORD-10033,2024-01-31 02:14:03.243243,Furniture,Chairs,West,95.26,1,0.3,14.72
ORD-10034,2024-02-01 00:07:12.432432,Office Supplies,Art,North,1350.87,9,0.2,410.58
ORD-10035,2024-02-01 22:00:21.621621,Furniture,Chairs,West,169.08,4,0.3,48.03
ORD-10036,2024-02-02 19:53:30.810810,Furniture,Bookcases,West,1523.16,9,0.5,195.9
ORD-10037,2024-02-03 17:46:40.000000,Furniture,Tables,South,705.73,6,0.5,72.77
ORD-10038,2024-02-04 15:39:49.189189,Technology,Phones,South,423.34,5,0.2,100.69
ORD-10039,2024-02-05 13:32:58.378378,Technology,Accessories,East,441.89,6,0.5,76.62
ORD-10040,2024-02-06 11:26:07.567567,Office Supplies,Art,South,914.43,5,0.3,223.23
ORD-10041,2024-02-07 09:19:16.756756,Technology,Phones,West,883.69,3,0.0,55.74
ORD-10042,2024-02-08 07:12:25.945945,Furniture,Chairs,South,1554.27,5,0.3,78.92
ORD-10043,2024-02-09 05:05:35.135135,Technology,Phones,South,1031.45,5,0.3,309.52
ORD-10044,2024-02-10 02:58:44.324324,Office Supplies,Paper,North,833.66,7,0.2,80.07
ORD-10045,2024-02-11 00:51:53.513513,Technology,Laptops,East,1912.11,6,0.1,446.39
ORD-10046,2024-02-11 22:45:02.702702,Furniture,Bookcases,South,349.65,2,0.0,31.81
ORD-10047,2024-02-12 20:38:11.891891,Furniture,Bookcases,North,1395.42,7,0.1,430.75
ORD-10048,2024-02-13 18:31:21.081081,Technology,Laptops,East,2024.75,9,0.3,490.04
ORD-10049,2024-02-14 16:24:30.270270,Furniture,Tables,West,382.7,3,0.3,79.59
ORD-10050,2024-02-15 14:17:39.459459,Office Supplies,Art,South,365.23,3,0.5,100.18
ORD-10051,2024-02-16 12:10:48.648648,Furniture,Tables,North,123.65,4,0.2,6.9
ORD-10052,2024-02-17 10:03:57.837837,Technology,Phones,West,598.72,5,0.5,54.85
ORD-10053,2024-02-18 07:57:07.027027,Furniture,Bookcases,East,302.43,7,0.5,93.09
ORD-10054,2024-02-19 05:50:16.216216,Furniture,Tables,East,169.15,1,0.2,26.73
ORD-10055,2024-02-20 03:43:25.405405,Office Supplies,Binders,North,294.1,5,0.0,75.45
ORD-10056,2024-02-21 01:36:34.594594,Technology,Laptops,South,232.33,1,0.0,57.63
ORD-10057,2024-02-21 23:29:43.783783,Technology,Phones,West,1173.95,7,0.5,264.14
ORD-10058,2024-02-22 21:22:52.972972,Office Supplies,Art,West,1151.3,3,0.0,175.65
ORD-10059,2024-02-23 19:16:02.162162,Technology,Accessories,North,374.97,4,0.1,102.62
ORD-10060,2024-02-24 17:09:11.351351,Technology,Accessories,West,121.52,1,0.5,10.6
ORD-10061,2024-02-25 15:02:20.540540,Furniture,Tables,North,150.29,4,0.1,33.73
ORD-10062,2024-02-26 12:55:29.729729,Furniture,Chairs,West,1567.36,5,0.1,88.83
ORD-10063,2024-02-27 10:48:38.918918,Office Supplies,Binders,East,191.97,1,0.2,52.86
ORD-10064,2024-02-28 08:41:48.108108,Office Supplies,Paper,North,2545.58,8,0.3,330.5
ORD-10065,2024-02-29 06:34:57.297297,Office Supplies,Binders,South,950.29,3,0.0,234.45
ORD-10066,2024-03-01 04:28:06.486486,Technology,Laptops,South,203.19,2,0.3,46.4
ORD-10067,2024-03-02 02:21:15.675675,Furniture,Chairs,East,1491.34,8,0.5,497.46
ORD-10068,2024-03-03 00:14:24.864864,Furniture,Chairs,North,3258.25,8,0.0,878.08
ORD-10069,2024-03-03 22:07:34.054054,Furniture,Chairs,East,1744.86,8,0.5,202.14
ORD-10070,2024-03-04 20:00:43.243243,Office Supplies,Paper,East,1209.18,9,0.0,254.29
ORD-10071,2024-03-05 17:53:52.432432,Technology,Laptops,North,434.32,3,0.3,140.61
ORD-10072,2024-03-06 15:47:01.621621,Office Supplies,Paper,East,590.5,4,0.5,35.77
ORD-10073,2024-03-07 13:40:10.810810,Technology,Accessories,North,1896.69,4,0.0,159.4
ORD-10074,2024-03-08 11:33:20.000000,Technology,Laptops,South,3137.7,7,0.1,570.5
ORD-10075,2024-03-09 09:26:29.189189,Office Supplies,Paper,East,969.91,2,0.0,270.07
ORD-10076,2024-03-10 07:19:38.378378,Technology,Phones,South,1414.5,7,0.1,237.04
ORD-10077,2024-03-11 05:12:47.567567,Office Supplies,Binders,South,1065.59,5,0.2,235.11
ORD-10078,2024-03-12 03:05:56.756756,Technology,Phones,South,534.44,4,0.0,121.62
ORD-10079,2024-03-13 00:59:05.945945,Furniture,Bookcases,East,1935.58,6,0.1,621.08
ORD-10080,2024-03-13 22:52:15.135135,Office Supplies,Binders,East,,2,0.1,118.06
ORD-10081,2024-03-14 20:45:24.324324,Technology,Accessories,North,1323.36,7,0.5,150.46
ORD-10082,2024-03-15 18:38:33.513513,Technology,Accessories,West,59.79,1,0.0,7.0
ORD-10083,2024-03-16 16:31:42.702702,Furniture,Tables,West,102.08,5,0.5,25.51
ORD-10084,2024-03-17 14:24:51.891891,Technology,Accessories,East,224.83,4,0.0,25.87
ORD-10085,2024-03-18 12:18:01.081081,Office Supplies,Art,North,1418.1,5,0.2,450.28
ORD-10086,2024-03-19 10:11:10.270270,Technology,Accessories,West,1172.47,8,0.3,170.69
ORD-10087,2024-03-20 08:04:19.459459,Furniture,Tables,West,147.65,2,0.5,40.54
ORD-10088,2024-03-21 05:57:28.648648,Office Supplies,Binders,East,77.14,1,0.5,12.69
ORD-10089,2024-03-22 03:50:37.837837,Technology,Phones,South,1120.01,3,0.1,193.99
ORD-10090,2024-03-23 01:43:47.027027,Technology,Accessories,North,107.49,2,0.1,21.16
ORD-10091,2024-03-23 23:36:56.216216,Technology,Accessories,West,353.92,1,0.1,120.52
ORD-10092,2024-03-24 21:30:05.405405,Technology,Accessories,North,3496.02,9,0.2,767.66
ORD-10093,2024-03-25 19:23:14.594594,Technology,Laptops,North,126.37,3,0.5,-1.54
ORD-10094,2024-03-26 17:16:23.783783,Furniture,Chairs,North,,5,0.5,271.02
ORD-10095,2024-03-27 15:09:32.972972,Technology,Phones,South,416.18,3,0.0,36.94
ORD-10096,2024-03-28 13:02:42.162162,Office Supplies,Paper,North,518.99,4,0.0,143.81
ORD-10097,2024-03-29 10:55:51.351351,Furniture,Bookcases,West,2156.84,7,0.1,413.98
ORD-10098,2024-03-30 08:49:00.540540,Office Supplies,Art,South,142.46,1,0.5,0.9
ORD-10099,2024-03-31 06:42:09.729729,Office Supplies,Paper,North,1338.63,7,0.5,313.69
ORD-10100,2024-04-01 04:35:18.918918,Office Supplies,Art,East,1707.95,6,0.1,263.03
ORD-10101,2024-04-02 02:28:28.108108,Furniture,Tables,South,953.39,3,0.3,198.25
ORD-10102,2024-04-03 00:21:37.297297,Technology,Accessories,West,1899.3,7,0.0,635.99
ORD-10103,2024-04-03 22:14:46.486486,Furniture,Chairs,South,71.98,1,0.5,14.76
ORD-10104,2024-04-04 20:07:55.675675,Technology,Laptops,North,666.93,3,0.2,57.12
ORD-10105,2024-04-05 18:01:04.864864,Technology,Accessories,West,721.75,3,0.1,164.42
ORD-10106,2024-04-06 15:54:14.054054,Office Supplies,Art,North,835.38,5,0.1,84.13
ORD-10107,2024-04-07 13:47:23.243243,Technology,Laptops,North,,5,0.1,343.41
ORD-10108,2024-04-08 11:40:32.432432,Technology,Laptops,South,578.7,9,0.0,148.34
ORD-10109,2024-04-09 09:33:41.621621,Furniture,Bookcases,East,152.9,1,0.0,11.52
ORD-10110,2024-04-10 07:26:50.810810,Office Supplies,Paper,West,1818.51,8,0.1,503.52
ORD-10111,2024-04-11 05:20:00.000000,Furniture,Tables,North,536.94,8,0.2,167.05
ORD-10112,2024-04-12 03:13:09.189189,Furniture,Bookcases,East,375.61,2,0.2,59.53
ORD-10113,2024-04-13 01:06:18.378378,Technology,Accessories,North,1099.97,7,0.1,229.65
ORD-10114,2024-04-13 22:59:27.567567,Technology,Phones,North,891.02,4,0.1,253.5
ORD-10115,2024-04-14 20:52:36.756756,Technology,Laptops,East,1000.12,4,0.1,215.35
ORD-10116,2024-04-15 18:45:45.945945,Technology,Accessories,South,1146.44,9,0.3,273.47
ORD-10117,2024-04-16 16:38:55.135135,Furniture,Bookcases,West,1864.63,6,0.0,97.45
ORD-10118,2024-04-17 14:32:04.324324,Technology,Laptops,South,,7,0.2,104.69
ORD-10119,2024-04-18 12:25:13.513513,Furniture,Bookcases,West,2376.14,7,0.2,488.7
ORD-10120,2024-04-19 10:18:22.702702,Technology,Accessories,South,474.37,2,0.2,142.89
ORD-10121,2024-04-20 08:11:31.891891,Furniture,Tables,North,2935.92,8,0.0,779.6
ORD-10122,2024-04-21 06:04:41.081081,Office Supplies,Binders,East,384.23,5,0.3,62.25
ORD-10123,2024-04-22 03:57:50.270270,Technology,Phones,West,156.55,1,0.5,21.6
ORD-10124,2024-04-23 01:50:59.459459,Office Supplies,Paper,East,121.16,3,0.1,20.57
ORD-10125,2024-04-23 23:44:08.648648,Technology,Accessories,South,314.51,2,0.1,22.02
ORD-10126,2024-04-24 21:37:17.837837,Office Supplies,Paper,North,60.81,1,0.2,5.4
ORD-10127,2024-04-25 19:30:27.027027,Technology,Phones,South,127.46,2,0.2,38.25
ORD-10128,2024-04-26 17:23:36.216216,Office Supplies,Art,North,2051.65,8,0.3,614.72
ORD-10129,2024-04-27 15:16:45.405405,Office Supplies,Paper,North,148.27,3,0.5,7.9
ORD-10130,2024-04-28 13:09:54.594594,Furniture,Tables,South,618.39,4,0.1,101.72
ORD-10131,2024-04-29 11:03:03.783783,Office Supplies,Binders,West,958.71,3,0.0,262.96
ORD-10132,2024-04-30 08:56:12.972972,Office Supplies,Paper,North,406.62,1,0.1,84.64
ORD-10133,2024-05-01 06:49:22.162162,Office Supplies,Art,East,2261.37,6,0.2,336.27
ORD-10134,2024-05-02 04:42:31.351351,Office Supplies,Art,North,220.85,1,0.2,59.29
ORD-10135,2024-05-03 02:35:40.540540,Furniture,Chairs,North,1968.57,5,0.0,118.23
ORD-10136,2024-05-04 00:28:49.729729,Furniture,Tables,South,2204.24,5,0.0,178.27
ORD-10137,2024-05-04 22:21:58.918918,Technology,Accessories,East,670.21,4,0.3,107.39
ORD-10138,2024-05-05 20:15:08.108108,Technology,Phones,North,1320.05,4,0.1,68.84
ORD-10139,2024-05-06 18:08:17.297297,Office Supplies,Art,West,1164.05,4,0.2,174.92
ORD-10140,2024-05-07 16:01:26.486486,Office Supplies,Binders,South,2160.2,8,0.1,719.91
ORD-10141,2024-05-08 13:54:35.675675,Furniture,Chairs,West,438.9,2,0.3,94.02
ORD-10142,2024-05-09 11:47:44.864864,Technology,Phones,West,266.96,1,0.1,16.87
ORD-10143,2024-05-10 09:40:54.054054,Office Supplies,Paper,South,2709.83,8,0.2,498.0
ORD-10144,2024-05-11 07:34:03.243243,Furniture,Chairs,North,319.35,4,0.0,47.79
ORD-10145,2024-05-12 05:27:12.432432,Furniture,Bookcases,East,2494.31,8,0.0,681.63
ORD-10146,2024-05-13 03:20:21.621621,Furniture,Chairs,North,471.54,9,0.3,93.6
ORD-10147,2024-05-14 01:13:30.810810,Office Supplies,Binders,South,1175.19,7,0.1,380.57
ORD-10148,2024-05-14 23:06:40.000000,Office Supplies,Art,West,417.45,3,0.0,83.29
ORD-10149,2024-05-15 20:59:49.189189,Furniture,Chairs,West,155.16,1,0.2,33.19
ORD-10150,2024-05-16 18:52:58.378378,Furniture,Chairs,North,3417.82,7,0.0,323.32
ORD-10151,2024-05-17 16:46:07.567567,Furniture,Tables,West,2088.43,8,0.0,298.61
ORD-10152,2024-05-18 14:39:16.756756,Furniture,Bookcases,East,1804.26,8,0.5,418.5
ORD-10153,2024-05-19 12:32:25.945945,Technology,Laptops,West,2415.82,8,0.0,682.85
ORD-10154,2024-05-20 10:25:35.135135,Office Supplies,Binders,South,1250.46,6,0.1,246.97
ORD-10155,2024-05-21 08:18:44.324324,Office Supplies,Art,West,144.4,1,0.2,19.39
ORD-10156,2024-05-22 06:11:53.513513,Furniture,Bookcases,South,302.67,2,0.3,85.39
ORD-10157,2024-05-23 04:05:02.702702,Office Supplies,Paper,West,227.86,1,0.2,23.19
ORD-10158,2024-05-24 01:58:11.891891,Office Supplies,Art,North,279.89,8,0.5,18.99
ORD-10159,2024-05-24 23:51:21.081081,Technology,Accessories,West,650.48,2,0.2,216.38
ORD-10160,2024-05-25 21:44:30.270270,Technology,Laptops,North,2836.52,7,0.1,212.59
ORD-10161,2024-05-26 19:37:39.459459,Office Supplies,Paper,East,629.71,3,0.3,158.47
ORD-10162,2024-05-27 17:30:48.648648,Technology,Accessories,North,652.38,4,0.1,101.67
ORD-10163,2024-05-28 15:23:57.837837,Office Supplies,Paper,North,2348.64,6,0.0,424.72
ORD-10164,2024-05-29 13:17:07.027027,Office Supplies,Binders,South,478.94,8,0.2,148.48
ORD-10165,2024-05-30 11:10:16.216216,Technology,Laptops,East,134.07,1,0.1,30.18
ORD-10166,2024-05-31 09:03:25.405405,Office Supplies,Paper,South,1767.22,6,0.3,152.49
ORD-10167,2024-06-01 06:56:34.594594,Technology,Phones,South,2191.95,7,0.1,455.9
ORD-10168,2024-06-02 04:49:43.783783,Furniture,Chairs,South,572.01,2,0.0,113.97
ORD-10169,2024-06-03 02:42:52.972972,Office Supplies,Paper,South,514.23,6,0.0,66.82
ORD-10170,2024-06-04 00:36:02.162162,Office Supplies,Binders,West,2083.74,9,0.1,673.81
ORD-10171,2024-06-04 22:29:11.351351,Furniture,Chairs,West,159.71,2,0.2,12.82
ORD-10172,2024-06-05 20:22:20.540540,Technology,Accessories,South,1687.19,5,0.2,260.39
ORD-10173,2024-06-06 18:15:29.729729,Technology,Accessories,East,2101.49,8,0.1,353.14
ORD-10174,2024-06-07 16:08:38.918918,Furniture,Tables,North,689.76,8,0.3,140.2
ORD-10175,2024-06-08 14:01:48.108108,Office Supplies,Art,West,129.13,1,0.5,2.45
ORD-10176,2024-06-09 11:54:57.297297,Technology,Laptops,South,926.52,5,0.0,161.06
ORD-10177,2024-06-10 09:48:06.486486,Technology,Accessories,West,995.57,9,0.2,69.0
ORD-10178,2024-06-11 07:41:15.675675,Office Supplies,Binders,South,69.48,2,0.5,-4.62
ORD-10179,2024-06-12 05:34:24.864864,Office Supplies,Paper,North,476.11,1,0.0,50.25
ORD-10180,2024-06-13 03:27:34.054054,Furniture,Bookcases,West,960.84,5,0.5,237.59
ORD-10181,2024-06-14 01:20:43.243243,Furniture,Chairs,South,2378.87,9,0.2,819.8
ORD-10182,2024-06-14 23:13:52.432432,Technology,Laptops,East,3148.04,7,0.1,691.78
ORD-10183,2024-06-15 21:07:01.621621,Furniture,Bookcases,South,1483.57,5,0.2,481.6
ORD-10184,2024-06-16 19:00:10.810810,Furniture,Bookcases,East,528.68,2,0.3,154.38
ORD-10185,2024-06-17 16:53:20.000000,Furniture,Bookcases,South,211.48,7,0.2,42.15
ORD-10186,2024-06-18 14:46:29.189189,Technology,Laptops,East,1235.37,5,0.1,328.38
ORD-10187,2024-06-19 12:39:38.378378,Office Supplies,Art,West,278.43,1,0.0,75.55
ORD-10188,2024-06-20 10:32:47.567567,Technology,Phones,South,57.08,2,0.1,17.81
ORD-10189,2024-06-21 08:25:56.756756,Office Supplies,Art,North,753.2,2,0.2,49.48
ORD-10190,2024-06-22 06:19:05.945945,Furniture,Chairs,South,106.46,1,0.5,10.65
ORD-10191,2024-06-23 04:12:15.135135,Office Supplies,Paper,South,1143.18,9,0.3,304.12
ORD-10192,2024-06-24 02:05:24.324324,Furniture,Chairs,East,884.1,8,0.3,227.99
ORD-10193,2024-06-24 23:58:33.513513,Technology,Phones,West,456.96,1,0.0,37.85
ORD-10194,2024-06-25 21:51:42.702702,Technology,Accessories,South,1589.78,5,0.2,356.19
ORD-10195,2024-06-26 19:44:51.891891,Office Supplies,Art,South,977.41,8,0.5,328.92
ORD-10196,2024-06-27 17:38:01.081081,Office Supplies,Art,West,844.31,4,0.5,242.61
ORD-10197,2024-06-28 15:31:10.270270,Furniture,Tables,East,408.73,2,0.0,43.3
ORD-10198,2024-06-29 13:24:19.459459,Office Supplies,Binders,North,1611.47,5,0.0,331.12
ORD-10199,2024-06-30 11:17:28.648648,Furniture,Chairs,North,1151.86,3,0.0,110.77
ORD-10200,2024-07-01 09:10:37.837837,Office Supplies,Binders,North,3031.83,8,0.0,690.9
ORD-10201,2024-07-02 07:03:47.027027,Furniture,Chairs,South,1495.88,9,0.2,128.92
ORD-10202,2024-07-03 04:56:56.216216,Technology,Accessories,North,867.64,2,0.0,129.03
ORD-10203,2024-07-04 02:50:05.405405,Technology,Phones,East,345.69,2,0.2,88.31
ORD-10204,2024-07-05 00:43:14.594594,Furniture,Tables,South,314.22,5,0.5,90.03
ORD-10205,2024-07-05 22:36:23.783783,Technology,Phones,South,1775.18,8,0.5,561.53
ORD-10206,2024-07-06 20:29:32.972972,Office Supplies,Binders,West,353.39,1,0.2,105.71
ORD-10207,2024-07-07 18:22:42.162162,Technology,Accessories,East,811.46,9,0.5,200.36
ORD-10208,2024-07-08 16:15:51.351351,Furniture,Bookcases,East,332.48,6,0.5,94.49
ORD-10209,2024-07-09 14:09:00.540540,Furniture,Chairs,East,125.83,7,0.2,10.92
ORD-10210,2024-07-10 12:02:09.729729,Office Supplies,Art,South,573.93,4,0.5,106.07
ORD-10211,2024-07-11 09:55:18.918918,Office Supplies,Binders,West,259.85,1,0.1,60.42
ORD-10212,2024-07-12 07:48:28.108108,Technology,Accessories,West,842.42,6,0.1,149.36
ORD-10213,2024-07-13 05:41:37.297297,Furniture,Bookcases,West,242.22,5,0.3,18.74
ORD-10214,2024-07-14 03:34:46.486486,Furniture,Bookcases,West,390.07,1,0.0,87.63
ORD-10215,2024-07-15 01:27:55.675675,Technology,Laptops,South,302.08,8,0.1,102.84
ORD-10216,2024-07-15 23:21:04.864864,Office Supplies,Paper,West,926.34,4,0.3,251.04
ORD-10217,2024-07-16 21:14:14.054054,Office Supplies,Paper,East,140.27,1,0.2,13.64
ORD-10218,2024-07-17 19:07:23.243243,Office Supplies,Binders,South,997.24,2,0.0,80.44
ORD-10219,2024-07-18 17:00:32.432432,Technology,Accessories,East,2332.08,7,0.2,267.06
ORD-10220,2024-07-19 14:53:41.621621,Furniture,Bookcases,South,1069.33,4,0.2,327.94
ORD-10221,2024-07-20 12:46:50.810810,Furniture,Chairs,North,1305.97,5,0.2,168.73
ORD-10222,2024-07-21 10:40:00.000000,Office Supplies,Art,North,391.13,6,0.5,33.07
ORD-10223,2024-07-22 08:33:09.189189,Technology,Phones,West,695.83,2,0.2,232.9
ORD-10224,2024-07-23 06:26:18.378378,Furniture,Chairs,North,375.02,5,0.2,109.79
ORD-10225,2024-07-24 04:19:27.567567,Office Supplies,Art,North,2059.57,5,0.1,481.99
ORD-10226,2024-07-25 02:12:36.756756,Furniture,Bookcases,North,392.44,7,0.3,42.77
ORD-10227,2024-07-26 00:05:45.945945,Technology,Laptops,West,437.38,9,0.5,47.16
ORD-10228,2024-07-26 21:58:55.135135,Office Supplies,Paper,North,1749.65,8,0.1,337.4
ORD-10229,2024-07-27 19:52:04.324324,Office Supplies,Binders,West,3895.73,9,0.0,241.09
ORD-10230,2024-07-28 17:45:13.513513,Furniture,Bookcases,West,1225.63,9,0.0,271.2
ORD-10231,2024-07-29 15:38:22.702702,Office Supplies,Binders,South,669.92,4,0.1,97.11
ORD-10232,2024-07-30 13:31:31.891891,Furniture,Chairs,North,1694.71,9,0.0,503.93
ORD-10233,2024-07-31 11:24:41.081081,Furniture,Tables,East,880.53,2,0.1,224.15
ORD-10234,2024-08-01 09:17:50.270270,Furniture,Bookcases,South,1914.0,7,0.2,163.03
ORD-10235,2024-08-02 07:10:59.459459,Office Supplies,Binders,North,1895.82,6,0.0,498.07
ORD-10236,2024-08-03 05:04:08.648648,Furniture,Tables,West,1652.25,7,0.3,372.77
ORD-10237,2024-08-04 02:57:17.837837,Furniture,Tables,East,83.08,3,0.3,16.39
ORD-10238,2024-08-05 00:50:27.027027,Office Supplies,Binders,South,2324.99,7,0.0,724.32
ORD-10239,2024-08-05 22:43:36.216216,Furniture,Bookcases,East,754.51,4,0.5,206.48
ORD-10240,2024-08-06 20:36:45.405405,Office Supplies,Art,West,48.02,2,0.2,1.69
ORD-10241,2024-08-07 18:29:54.594594,Technology,Accessories,East,519.76,3,0.5,81.23
ORD-10242,2024-08-08 16:23:03.783783,Office Supplies,Paper,East,393.09,1,0.1,105.24
ORD-10243,2024-08-09 14:16:12.972972,Technology,Laptops,West,1797.02,8,0.2,397.82
ORD-10244,2024-08-10 12:09:22.162162,Furniture,Chairs,South,,4,0.1,453.23
ORD-10245,2024-08-11 10:02:31.351351,Office Supplies,Binders,East,234.38,3,0.5,16.53
ORD-10246,2024-08-12 07:55:40.540540,Technology,Laptops,West,1487.58,5,0.2,416.69
ORD-10247,2024-08-13 05:48:49.729729,Furniture,Bookcases,South,106.87,2,0.5,-2.44
ORD-10248,2024-08-14 03:41:58.918918,Technology,Laptops,South,1669.47,8,0.3,374.45
ORD-10249,2024-08-15 01:35:08.108108,Furniture,Chairs,East,3931.08,9,0.1,1206.4
ORD-10250,2024-08-15 23:28:17.297297,Technology,Accessories,North,1721.34,8,0.3,580.88
ORD-10251,2024-08-16 21:21:26.486486,Office Supplies,Art,East,626.86,3,0.1,113.74
ORD-10252,2024-08-17 19:14:35.675675,Furniture,Chairs,North,557.53,5,0.2,182.54
ORD-10253,2024-08-18 17:07:44.864864,Technology,Laptops,West,1397.96,9,0.5,283.65
ORD-10254,2024-08-19 15:00:54.054054,Technology,Phones,West,1685.43,8,0.3,351.26
ORD-10255,2024-08-20 12:54:03.243243,Furniture,Tables,South,1732.26,9,0.3,107.48
ORD-10256,2024-08-21 10:47:12.432432,Technology,Accessories,East,510.74,6,0.2,69.98
ORD-10257,2024-08-22 08:40:21.621621,Technology,Accessories,South,1579.46,4,0.2,77.31
ORD-10258,2024-08-23 06:33:30.810810,Furniture,Chairs,South,2148.87,9,0.2,418.58
ORD-10259,2024-08-24 04:26:40.000000,Furniture,Bookcases,West,1289.69,4,0.1,346.05
ORD-10260,2024-08-25 02:19:49.189189,Furniture,Chairs,North,1199.97,7,0.5,396.79
ORD-10261,2024-08-26 00:12:58.378378,Office Supplies,Binders,North,2742.56,7,0.2,695.28
ORD-10262,2024-08-26 22:06:07.567567,Furniture,Tables,North,,8,0.0,205.73
ORD-10263,2024-08-27 19:59:16.756756,Technology,Laptops,West,154.15,1,0.5,28.55
ORD-10264,2024-08-28 17:52:25.945945,Technology,Laptops,South,999.44,2,0.0,309.76
ORD-10265,2024-08-29 15:45:35.135135,Technology,Phones,North,1460.84,5,0.0,120.86
ORD-10266,2024-08-30 13:38:44.324324,Furniture,Chairs,South,1225.6,4,0.1,339.56
ORD-10267,2024-08-31 11:31:53.513513,Technology,Accessories,East,77.7,1,0.0,11.54
ORD-10268,2024-09-01 09:25:02.702702,Technology,Laptops,East,506.5,5,0.5,83.5
ORD-10269,2024-09-02 07:18:11.891891,Technology,Phones,East,264.64,6,0.2,22.61
ORD-10270,2024-09-03 05:11:21.081081,Furniture,Tables,South,1638.61,9,0.1,547.66
ORD-10271,2024-09-04 03:04:30.270270,Furniture,Tables,West,2053.04,5,0.0,336.82
ORD-10272,2024-09-05 00:57:39.459459,Furniture,Chairs,East,1122.46,4,0.1,295.06
ORD-10273,2024-09-05 22:50:48.648648,Office Supplies,Paper,North,793.85,7,0.5,243.56
ORD-10274,2024-09-06 20:43:57.837837,Technology,Accessories,East,1499.29,4,0.2,116.58
ORD-10275,2024-09-07 18:37:07.027027,Technology,Phones,West,806.89,3,0.1,186.09
ORD-10276,2024-09-08 16:30:16.216216,Furniture,Tables,North,1328.4,4,0.2,111.53
ORD-10277,2024-09-09 14:23:25.405405,Furniture,Bookcases,North,1132.14,7,0.0,249.29
ORD-10278,2024-09-10 12:16:34.594594,Furniture,Tables,East,852.33,6,0.5,194.51
ORD-10279,2024-09-11 10:09:43.783783,Office Supplies,Paper,East,1735.48,6,0.3,199.52
ORD-10280,2024-09-12 08:02:52.972972,Technology,Accessories,South,869.17,8,0.5,269.67
ORD-10281,2024-09-13 05:56:02.162162,Technology,Laptops,East,659.96,5,0.2,197.52
ORD-10282,2024-09-14 03:49:11.351351,Office Supplies,Binders,North,698.39,2,0.1,127.57
ORD-10283,2024-09-15 01:42:20.540540,Furniture,Chairs,East,336.33,1,0.1,62.53
ORD-10284,2024-09-15 23:35:29.729729,Technology,Phones,South,1148.51,5,0.3,122.47
ORD-10285,2024-09-16 21:28:38.918918,Office Supplies,Binders,North,2093.43,9,0.1,275.09
ORD-10286,2024-09-17 19:21:48.108108,Office Supplies,Paper,South,348.76,3,0.5,82.52
ORD-10287,2024-09-18 17:14:57.297297,Technology,Accessories,East,522.43,8,0.2,116.66
ORD-10288,2024-09-19 15:08:06.486486,Furniture,Tables,West,1915.21,7,0.3,138.98
ORD-10289,2024-09-20 13:01:15.675675,Technology,Accessories,North,1569.11,8,0.0,368.97
ORD-10290,2024-09-21 10:54:24.864864,Technology,Phones,West,477.97,2,0.3,51.41
ORD-10291,2024-09-22 08:47:34.054054,Technology,Laptops,West,485.05,2,0.3,65.45
ORD-10292,2024-09-23 06:40:43.243243,Office Supplies,Binders,South,894.94,2,0.1,140.19
ORD-10293,2024-09-24 04:33:52.432432,Office Supplies,Binders,East,136.83,4,0.3,4.49
ORD-10294,2024-09-25 02:27:01.621621,Technology,Phones,North,824.82,9,0.1,63.16
ORD-10295,2024-09-26 00:20:10.810810,Technology,Accessories,West,115.09,1,0.3,16.15
ORD-10296,2024-09-26 22:13:20.000000,Furniture,Chairs,East,139.74,3,0.5,27.89
ORD-10297,2024-09-27 20:06:29.189189,Technology,Phones,South,290.73,5,0.1,81.26
ORD-10298,2024-09-28 17:59:38.378378,Technology,Phones,West,289.4,6,0.5,7.61
ORD-10299,2024-09-29 15:52:47.567567,Technology,Accessories,South,365.11,2,0.1,118.88
ORD-10300,2024-09-30 13:45:56.756756,Technology,Phones,East,568.49,3,0.1,128.85
ORD-10301,2024-10-01 11:39:05.945945,Office Supplies,Binders,East,1085.88,6,0.3,325.66
ORD-10302,2024-10-02 09:32:15.135135,Furniture,Bookcases,North,1979.4,6,0.2,495.39
ORD-10303,2024-10-03 07:25:24.324324,Furniture,Tables,South,368.82,6,0.3,103.03
ORD-10304,2024-10-04 05:18:33.513513,Office Supplies,Paper,East,150.11,2,0.2,19.09
ORD-10305,2024-10-05 03:11:42.702702,Furniture,Tables,North,167.22,2,0.0,54.65
ORD-10306,2024-10-06 01:04:51.891891,Furniture,Chairs,South,1755.93,6,0.3,346.54
ORD-10307,2024-10-06 22:58:01.081081,Technology,Laptops,North,196.11,5,0.5,1.32
ORD-10308,2024-10-07 20:51:10.270270,Technology,Accessories,West,646.7,4,0.3,191.52
ORD-10309,2024-10-08 18:44:19.459459,Technology,Accessories,South,531.35,2,0.2,84.17
ORD-10310,2024-10-09 16:37:28.648648,Technology,Accessories,South,345.01,9,0.2,91.32
ORD-10311,2024-10-10 14:30:37.837837,Office Supplies,Art,North,754.92,7,0.2,50.65
ORD-10312,2024-10-11 12:23:47.027027,Furniture,Tables,East,1725.96,7,0.3,400.32
ORD-10313,2024-10-12 10:16:56.216216,Office Supplies,Paper,North,440.95,7,0.5,94.58
ORD-10314,2024-10-13 08:10:05.405405,Furniture,Bookcases,South,1113.93,5,0.5,164.07
ORD-10315,2024-10-14 06:03:14.594594,Office Supplies,Binders,South,1302.47,7,0.5,59.43
ORD-10316,2024-10-15 03:56:23.783783,Furniture,Tables,East,73.03,5,0.5,10.31
ORD-10317,2024-10-16 01:49:32.972972,Furniture,Bookcases,North,157.75,1,0.1,17.3
ORD-10318,2024-10-16 23:42:42.162162,Technology,Phones,South,1682.09,5,0.3,265.53
ORD-10319,2024-10-17 21:35:51.351351,Technology,Accessories,East,1063.23,5,0.5,198.9
ORD-10320,2024-10-18 19:29:00.540540,Furniture,Tables,West,420.9,3,0.3,123.58
ORD-10321,2024-10-19 17:22:09.729729,Furniture,Chairs,South,478.56,1,0.0,118.5
ORD-10322,2024-10-20 15:15:18.918918,Technology,Phones,South,381.26,1,0.1,46.01
ORD-10323,2024-10-21 13:08:28.108108,Technology,Accessories,East,410.89,2,0.0,96.22
ORD-10324,2024-10-22 11:01:37.297297,Office Supplies,Paper,East,1869.84,5,0.0,342.15
ORD-10325,2024-10-23 08:54:46.486486,Technology,Phones,East,43.68,1,0.2,-1.66
ORD-10326,2024-10-24 06:47:55.675675,Technology,Phones,West,601.14,4,0.2,145.33
ORD-10327,2024-10-25 04:41:04.864864,Office Supplies,Art,South,1277.17,5,0.1,69.88
ORD-10328,2024-10-26 02:34:14.054054,Technology,Accessories,West,2302.84,8,0.1,574.18
ORD-10329,2024-10-27 00:27:23.243243,Office Supplies,Paper,West,1567.3,4,0.0,529.67
ORD-10330,2024-10-27 22:20:32.432432,Office Supplies,Binders,East,244.53,2,0.3,27.71
ORD-10331,2024-10-28 20:13:41.621621,Furniture,Tables,North,1616.1,5,0.3,150.75
ORD-10332,2024-10-29 18:06:50.810810,Furniture,Bookcases,North,2458.36,8,0.0,397.39
ORD-10333,2024-10-30 16:00:00.000000,Office Supplies,Binders,West,620.98,9,0.3,69.89
ORD-10334,2024-10-31 13:53:09.189189,Technology,Accessories,South,263.99,1,0.2,62.38
ORD-10335,2024-11-01 11:46:18.378378,Furniture,Bookcases,East,129.64,1,0.1,29.22
ORD-10336,2024-11-02 09:39:27.567567,Furniture,Chairs,South,2123.14,8,0.3,134.46
ORD-10337,2024-11-03 07:32:36.756756,Furniture,Tables,East,2114.76,9,0.5,557.57
ORD-10338,2024-11-04 05:25:45.945945,Furniture,Chairs,North,1320.12,4,0.2,121.68
ORD-10339,2024-11-05 03:18:55.135135,Technology,Laptops,East,1213.47,5,0.2,164.99
ORD-10340,2024-11-06 01:12:04.324324,Office Supplies,Art,North,2079.3,7,0.0,578.75
ORD-10341,2024-11-06 23:05:13.513513,Office Supplies,Binders,South,553.62,8,0.5,164.08
ORD-10342,2024-11-07 20:58:22.702702,Office Supplies,Binders,South,2062.37,9,0.2,215.45
ORD-10343,2024-11-08 18:51:31.891891,Technology,Phones,North,977.75,4,0.1,270.11
ORD-10344,2024-11-09 16:44:41.081081,Furniture,Chairs,South,4318.88,9,0.0,1094.9
ORD-10345,2024-11-10 14:37:50.270270,Office Supplies,Art,East,1322.38,6,0.5,105.59
ORD-10346,2024-11-11 12:30:59.459459,Office Supplies,Paper,West,1262.69,4,0.2,111.34
ORD-10347,2024-11-12 10:24:08.648648,Furniture,Chairs,South,760.46,8,0.1,177.37
ORD-10348,2024-11-13 08:17:17.837837,Technology,Phones,West,211.64,1,0.3,36.97
ORD-10349,2024-11-14 06:10:27.027027,Office Supplies,Paper,West,2251.7,7,0.1,515.46
ORD-10350,2024-11-15 04:03:36.216216,Office Supplies,Art,West,621.99,3,0.2,38.02
ORD-10351,2024-11-16 01:56:45.405405,Technology,Laptops,South,507.04,6,0.3,98.03
ORD-10352,2024-11-16 23:49:54.594594,Technology,Laptops,East,205.5,1,0.1,31.17
ORD-10353,2024-11-17 21:43:03.783783,Technology,Accessories,West,2105.52,9,0.5,204.86
ORD-10354,2024-11-18 19:36:12.972972,Furniture,Bookcases,East,2082.11,6,0.3,337.86
ORD-10355,2024-11-19 17:29:22.162162,Technology,Laptops,West,271.37,5,0.5,83.32
ORD-10356,2024-11-20 15:22:31.351351,Office Supplies,Paper,East,150.59,1,0.5,29.05
ORD-10357,2024-11-21 13:15:40.540540,Office Supplies,Paper,East,187.78,5,0.2,29.59
ORD-10358,2024-11-22 11:08:49.729729,Office Supplies,Paper,North,627.09,5,0.5,107.55
ORD-10359,2024-11-23 09:01:58.918918,Technology,Laptops,South,158.13,4,0.1,49.05
ORD-10360,2024-11-24 06:55:08.108108,Technology,Laptops,North,538.05,6,0.3,42.75
ORD-10361,2024-11-25 04:48:17.297297,Office Supplies,Paper,West,185.85,5,0.3,5.78
ORD-10362,2024-11-26 02:41:26.486486,Furniture,Bookcases,East,2866.51,7,0.1,375.19
ORD-10363,2024-11-27 00:34:35.675675,Furniture,Bookcases,South,2474.77,9,0.3,233.84
ORD-10364,2024-11-27 22:27:44.864864,Office Supplies,Binders,South,1506.94,9,0.1,259.2
ORD-10365,2024-11-28 20:20:54.054054,Office Supplies,Binders,East,594.52,2,0.2,197.55
ORD-10366,2024-11-29 18:14:03.243243,Office Supplies,Art,North,1159.01,8,0.0,229.88
ORD-10367,2024-11-30 16:07:12.432432,Technology,Laptops,North,552.11,3,0.5,111.24
ORD-10368,2024-12-01 14:00:21.621621,Office Supplies,Art,North,1560.47,5,0.0,163.7
ORD-10369,2024-12-02 11:53:30.810810,Technology,Laptops,North,882.54,4,0.0,269.34
ORD-10370,2024-12-03 09:46:40.000000,Office Supplies,Paper,North,540.64,8,0.1,90.55
ORD-10371,2024-12-04 07:39:49.189189,Office Supplies,Paper,East,1530.59,6,0.1,112.06
ORD-10372,2024-12-05 05:32:58.378378,Furniture,Tables,North,438.3,5,0.0,109.88
ORD-10373,2024-12-06 03:26:07.567567,Furniture,Bookcases,North,1380.86,7,0.3,210.51
ORD-10374,2024-12-07 01:19:16.756756,Office Supplies,Art,East,58.33,1,0.5,-4.2
ORD-10375,2024-12-07 23:12:25.945945,Office Supplies,Binders,West,85.84,6,0.5,11.28
ORD-10376,2024-12-08 21:05:35.135135,Furniture,Bookcases,North,1819.99,9,0.3,506.52
ORD-10377,2024-12-09 18:58:44.324324,Office Supplies,Binders,North,1359.05,8,0.3,281.59
ORD-10378,2024-12-10 16:51:53.513513,Office Supplies,Binders,East,757.81,4,0.2,120.38
ORD-10379,2024-12-11 14:45:02.702702,Office Supplies,Paper,East,613.91,8,0.3,170.72
ORD-10380,2024-12-12 12:38:11.891891,Technology,Phones,West,2069.45,7,0.1,199.54
ORD-10381,2024-12-13 10:31:21.081081,Furniture,Tables,East,466.29,3,0.2,58.05
ORD-10382,2024-12-14 08:24:30.270270,Furniture,Chairs,West,18.01,1,0.5,-5.14
ORD-10383,2024-12-15 06:17:39.459459,Office Supplies,Paper,West,2325.71,6,0.2,727.96
ORD-10384,2024-12-16 04:10:48.648648,Office Supplies,Binders,East,110.26,1,0.5,17.61
ORD-10385,2024-12-17 02:03:57.837837,Technology,Laptops,West,2353.42,6,0.2,228.21
ORD-10386,2024-12-17 23:57:07.027027,Office Supplies,Paper,North,819.46,3,0.0,243.29
ORD-10387,2024-12-18 21:50:16.216216,Furniture,Tables,South,1705.41,5,0.3,518.33
ORD-10388,2024-12-19 19:43:25.405405,Furniture,Tables,South,1153.8,3,0.0,220.78
ORD-10389,2024-12-20 17:36:34.594594,Office Supplies,Paper,North,1646.22,8,0.2,512.83
ORD-10390,2024-12-21 15:29:43.783783,Furniture,Tables,West,333.96,5,0.1,24.78
ORD-10391,2024-12-22 13:22:52.972972,Technology,Accessories,West,336.62,2,0.1,90.45
ORD-10392,2024-12-23 11:16:02.162162,Technology,Accessories,West,1571.95,6,0.3,294.85
ORD-10393,2024-12-24 09:09:11.351351,Office Supplies,Art,East,72.55,1,0.1,8.7
ORD-10394,2024-12-25 07:02:20.540540,Office Supplies,Art,South,,9,0.0,906.6
ORD-10395,2024-12-26 04:55:29.729729,Office Supplies,Art,East,871.73,4,0.5,42.27
ORD-10396,2024-12-27 02:48:38.918918,Technology,Phones,South,1317.08,4,0.3,151.82
ORD-10397,2024-12-28 00:41:48.108108,Technology,Accessories,West,531.79,2,0.2,22.62
ORD-10398,2024-12-28 22:34:57.297297,Office Supplies,Art,South,1132.1,8,0.3,180.21
ORD-10399,2024-12-29 20:28:06.486486,Furniture,Bookcases,East,103.1,4,0.1,33.04
ORD-10400,2024-12-30 18:21:15.675675,Furniture,Chairs,East,999.6,3,0.2,287.36
ORD-10401,2024-12-31 16:14:24.864864,Technology,Accessories,South,1496.52,9,0.0,201.22
ORD-10402,2025-01-01 14:07:34.054054,Office Supplies,Binders,West,326.42,6,0.3,19.77
ORD-10403,2025-01-02 12:00:43.243243,Furniture,Chairs,West,245.01,1,0.0,72.86
ORD-10404,2025-01-03 09:53:52.432432,Technology,Accessories,North,271.58,9,0.3,79.05
ORD-10405,2025-01-04 07:47:01.621621,Furniture,Chairs,North,1344.92,6,0.5,395.42
ORD-10406,2025-01-05 05:40:10.810810,Furniture,Bookcases,East,295.21,2,0.5,10.4
ORD-10407,2025-01-06 03:33:20.000000,Technology,Accessories,West,374.03,1,0.0,120.77
ORD-10408,2025-01-07 01:26:29.189189,Office Supplies,Paper,South,1915.18,8,0.5,484.76
ORD-10409,2025-01-07 23:19:38.378378,Furniture,Tables,East,1156.63,9,0.3,205.68
ORD-10410,2025-01-08 21:12:47.567567,Technology,Accessories,South,1275.6,4,0.2,150.64
ORD-10411,2025-01-09 19:05:56.756756,Office Supplies,Binders,West,899.28,3,0.1,116.23
ORD-10412,2025-01-10 16:59:05.945945,Office Supplies,Art,North,149.1,1,0.0,7.59
ORD-10413,2025-01-11 14:52:15.135135,Technology,Laptops,South,969.49,8,0.1,329.04
ORD-10414,2025-01-12 12:45:24.324324,Technology,Phones,North,273.9,3,0.2,46.46
ORD-10415,2025-01-13 10:38:33.513513,Technology,Phones,North,2579.91,6,0.0,298.55
ORD-10416,2025-01-14 08:31:42.702702,Office Supplies,Paper,South,2836.69,7,0.0,327.79
ORD-10417,2025-01-15 06:24:51.891891,Furniture,Bookcases,South,947.55,9,0.5,118.27
ORD-10418,2025-01-16 04:18:01.081081,Technology,Phones,East,1035.63,7,0.5,251.63
ORD-10419,2025-01-17 02:11:10.270270,Furniture,Bookcases,East,165.71,1,0.2,24.72
ORD-10420,2025-01-18 00:04:19.459459,Technology,Phones,North,290.79,1,0.3,80.18
ORD-10421,2025-01-18 21:57:28.648648,Technology,Accessories,South,2551.04,7,0.0,589.64
ORD-10422,2025-01-19 19:50:37.837837,Furniture,Tables,South,571.88,4,0.3,85.91
ORD-10423,2025-01-20 17:43:47.027027,Office Supplies,Art,West,3044.52,8,0.0,521.44
ORD-10424,2025-01-21 15:36:56.216216,Office Supplies,Art,North,763.29,7,0.5,183.57
ORD-10425,2025-01-22 13:30:05.405405,Furniture,Bookcases,East,173.32,2,0.0,40.52
ORD-10426,2025-01-23 11:23:14.594594,Office Supplies,Binders,East,1812.71,5,0.2,377.01
ORD-10427,2025-01-24 09:16:23.783783,Furniture,Chairs,North,353.17,3,0.5,49.97
ORD-10428,2025-01-25 07:09:32.972972,Technology,Phones,South,123.7,1,0.0,33.24
ORD-10429,2025-01-26 05:02:42.162162,Technology,Laptops,West,1585.78,5,0.1,269.44
ORD-10430,2025-01-27 02:55:51.351351,Technology,Accessories,North,1517.73,5,0.3,172.92
ORD-10431,2025-01-28 00:49:00.540540,Office Supplies,Art,West,1633.48,9,0.2,362.98
ORD-10432,2025-01-28 22:42:09.729729,Furniture,Bookcases,North,2152.09,6,0.0,447.08
ORD-10433,2025-01-29 20:35:18.918918,Furniture,Chairs,East,165.97,4,0.0,25.52
ORD-10434,2025-01-30 18:28:28.108108,Office Supplies,Paper,South,521.14,2,0.2,82.39
ORD-10435,2025-01-31 16:21:37.297297,Office Supplies,Binders,East,34.3,1,0.5,-2.82
ORD-10436,2025-02-01 14:14:46.486486,Furniture,Chairs,East,361.2,4,0.1,68.68
ORD-10437,2025-02-02 12:07:55.675675,Office Supplies,Art,East,216.53,4,0.2,32.03
ORD-10438,2025-02-03 10:01:04.864864,Furniture,Bookcases,South,1148.95,6,0.5,147.15
ORD-10439,2025-02-04 07:54:14.054054,Technology,Laptops,North,1197.1,5,0.5,220.08
ORD-10440,2025-02-05 05:47:23.243243,Furniture,Tables,West,2215.47,9,0.5,504.13
ORD-10441,2025-02-06 03:40:32.432432,Furniture,Chairs,North,839.63,6,0.5,152.35
ORD-10442,2025-02-07 01:33:41.621621,Technology,Laptops,North,664.87,6,0.2,100.29
ORD-10443,2025-02-07 23:26:50.810810,Furniture,Chairs,East,184.5,1,0.3,16.23
ORD-10444,2025-02-08 21:20:00.000000,Office Supplies,Art,West,148.97,3,0.5,17.29
ORD-10445,2025-02-09 19:13:09.189189,Office Supplies,Binders,East,851.42,4,0.0,230.2
ORD-10446,2025-02-10 17:06:18.378378,Furniture,Tables,North,1271.67,8,0.5,332.39
ORD-10447,2025-02-11 14:59:27.567567,Technology,Phones,North,1457.06,4,0.2,466.39
ORD-10448,2025-02-12 12:52:36.756756,Office Supplies,Binders,North,397.02,6,0.2,81.28
ORD-10449,2025-02-13 10:45:45.945945,Technology,Phones,West,878.6,4,0.1,290.76
ORD-10450,2025-02-14 08:38:55.135135,Technology,Accessories,East,1564.21,4,0.1,306.81
ORD-10451,2025-02-15 06:32:04.324324,Office Supplies,Paper,South,1483.44,8,0.2,297.71
ORD-10452,2025-02-16 04:25:13.513513,Technology,Accessories,South,348.38,1,0.2,56.02
ORD-10453,2025-02-17 02:18:22.702702,Office Supplies,Art,East,1302.92,4,0.2,139.51
ORD-10454,2025-02-18 00:11:31.891891,Technology,Phones,North,341.24,1,0.2,44.99
ORD-10455,2025-02-18 22:04:41.081081,Office Supplies,Art,North,102.12,7,0.5,-3.96
ORD-10456,2025-02-19 19:57:50.270270,Office Supplies,Binders,South,864.83,5,0.1,127.74
ORD-10457,2025-02-20 17:50:59.459459,Office Supplies,Binders,North,1347.18,3,0.1,400.19
ORD-10458,2025-02-21 15:44:08.648648,Office Supplies,Binders,East,1122.53,3,0.0,269.26
ORD-10459,2025-02-22 13:37:17.837837,Office Supplies,Paper,North,2630.9,8,0.3,645.31
ORD-10460,2025-02-23 11:30:27.027027,Office Supplies,Paper,West,943.59,3,0.0,251.89
ORD-10461,2025-02-24 09:23:36.216216,Furniture,Tables,East,801.34,6,0.2,188.02
ORD-10462,2025-02-25 07:16:45.405405,Technology,Phones,West,36.68,2,0.2,3.58
ORD-10463,2025-02-26 05:09:54.594594,Furniture,Chairs,East,561.91,2,0.3,46.57
ORD-10464,2025-02-27 03:03:03.783783,Furniture,Chairs,West,247.81,2,0.2,10.03
ORD-10465,2025-02-28 00:56:12.972972,Office Supplies,Paper,East,141.76,1,0.5,-1.48
ORD-10466,2025-02-28 22:49:22.162162,Office Supplies,Paper,East,3461.52,9,0.0,920.55
ORD-10467,2025-03-01 20:42:31.351351,Furniture,Tables,South,895.71,4,0.3,209.98
ORD-10468,2025-03-02 18:35:40.540540,Furniture,Tables,South,463.49,4,0.3,37.04
ORD-10469,2025-03-03 16:28:49.729729,Office Supplies,Binders,West,605.68,7,0.1,52.6
ORD-10470,2025-03-04 14:21:58.918918,Furniture,Bookcases,East,3414.15,9,0.0,170.85
ORD-10471,2025-03-05 12:15:08.108108,Furniture,Chairs,South,305.12,2,0.0,20.99
ORD-10472,2025-03-06 10:08:17.297297,Furniture,Chairs,South,1178.54,5,0.5,378.05
ORD-10473,2025-03-07 08:01:26.486486,Technology,Phones,East,786.22,3,0.1,111.22
ORD-10474,2025-03-08 05:54:35.675675,Furniture,Bookcases,East,959.22,3,0.3,236.24
ORD-10475,2025-03-09 03:47:44.864864,Technology,Laptops,East,466.48,1,0.0,121.82
ORD-10476,2025-03-10 01:40:54.054054,Furniture,Bookcases,East,905.66,5,0.5,84.95
ORD-10477,2025-03-10 23:34:03.243243,Office Supplies,Paper,West,733.79,9,0.5,131.34
ORD-10478,2025-03-11 21:27:12.432432,Office Supplies,Paper,South,134.98,1,0.3,35.81
ORD-10479,2025-03-12 19:20:21.621621,Office Supplies,Art,West,519.24,2,0.2,79.57
ORD-10480,2025-03-13 17:13:30.810810,Office Supplies,Paper,North,398.99,2,0.3,115.73
ORD-10481,2025-03-14 15:06:40.000000,Technology,Phones,South,2654.85,6,0.0,766.91
ORD-10482,2025-03-15 12:59:49.189189,Office Supplies,Paper,North,293.26,2,0.3,73.64
ORD-10483,2025-03-16 10:52:58.378378,Furniture,Chairs,West,1957.71,8,0.0,620.72
ORD-10484,2025-03-17 08:46:07.567567,Office Supplies,Art,North,3363.03,9,0.1,714.8
ORD-10485,2025-03-18 06:39:16.756756,Office Supplies,Paper,South,2057.91,5,0.1,112.83
ORD-10486,2025-03-19 04:32:25.945945,Furniture,Tables,East,3360.39,9,0.0,1081.44
ORD-10487,2025-03-20 02:25:35.135135,Technology,Accessories,North,143.98,4,0.1,34.46
ORD-10488,2025-03-21 00:18:44.324324,Office Supplies,Art,North,465.52,8,0.3,34.81
ORD-10489,2025-03-21 22:11:53.513513,Technology,Laptops,East,349.65,9,0.5,43.34
ORD-10490,2025-03-22 20:05:02.702702,Office Supplies,Binders,East,918.66,4,0.3,40.31
ORD-10491,2025-03-23 17:58:11.891891,Office Supplies,Paper,West,2475.44,7,0.2,137.29
ORD-10492,2025-03-24 15:51:21.081081,Office Supplies,Paper,East,718.87,9,0.5,111.78
ORD-10493,2025-03-25 13:44:30.270270,Office Supplies,Paper,North,309.58,2,0.5,74.9
ORD-10494,2025-03-26 11:37:39.459459,Office Supplies,Binders,West,1890.03,8,0.5,385.43
ORD-10495,2025-03-27 09:30:48.648648,Furniture,Bookcases,East,938.53,6,0.2,247.23
ORD-10496,2025-03-28 07:23:57.837837,Office Supplies,Binders,North,1777.66,9,0.5,226.2
ORD-10497,2025-03-29 05:17:07.027027,Technology,Phones,West,2548.46,8,0.3,612.88
ORD-10498,2025-03-30 03:10:16.216216,Technology,Phones,East,509.39,4,0.3,101.81
ORD-10499,2025-03-31 01:03:25.405405,Office Supplies,Paper,South,632.24,2,0.1,31.1
ORD-10500,2025-03-31 22:56:34.594594,Technology,Accessories,West,1053.64,6,0.2,289.26
ORD-10501,2025-04-01 20:49:43.783783,Technology,Laptops,North,1431.16,5,0.1,304.35
ORD-10502,2025-04-02 18:42:52.972972,Furniture,Chairs,East,149.34,3,0.5,19.03
ORD-10503,2025-04-03 16:36:02.162162,Technology,Accessories,West,68.61,1,0.2,15.76
ORD-10504,2025-04-04 14:29:11.351351,Office Supplies,Art,West,303.53,6,0.3,95.81
ORD-10505,2025-04-05 12:22:20.540540,Office Supplies,Binders,South,563.29,9,0.5,92.01
ORD-10506,2025-04-06 10:15:29.729729,Office Supplies,Art,East,1721.11,6,0.1,91.38
ORD-10507,2025-04-07 08:08:38.918918,Office Supplies,Paper,East,568.3,2,0.2,113.32
ORD-10508,2025-04-08 06:01:48.108108,Furniture,Tables,East,546.57,8,0.3,61.89
ORD-10509,2025-04-09 03:54:57.297297,Technology,Accessories,East,88.29,1,0.1,22.85
ORD-10510,2025-04-10 01:48:06.486486,Furniture,Chairs,North,535.85,4,0.3,57.55
ORD-10511,2025-04-10 23:41:15.675675,Office Supplies,Paper,West,2733.19,8,0.2,340.78
ORD-10512,2025-04-11 21:34:24.864864,Office Supplies,Paper,North,674.14,3,0.5,47.67
ORD-10513,2025-04-12 19:27:34.054054,Technology,Laptops,West,2583.7,7,0.2,508.61
ORD-10514,2025-04-13 17:20:43.243243,Technology,Phones,East,227.51,1,0.3,56.86
ORD-10515,2025-04-14 15:13:52.432432,Office Supplies,Art,North,2079.13,7,0.0,595.18
ORD-10516,2025-04-15 13:07:01.621621,Technology,Phones,East,603.33,2,0.1,191.47
ORD-10517,2025-04-16 11:00:10.810810,Furniture,Chairs,West,106.27,4,0.2,8.35
ORD-10518,2025-04-17 08:53:20.000000,Technology,Phones,South,93.7,1,0.1,21.79
ORD-10519,2025-04-18 06:46:29.189189,Technology,Phones,West,1460.79,5,0.2,256.39
ORD-10520,2025-04-19 04:39:38.378378,Furniture,Bookcases,East,2829.74,7,0.1,897.2
ORD-10521,2025-04-20 02:32:47.567567,Technology,Laptops,West,1566.44,7,0.1,172.51
ORD-10522,2025-04-21 00:25:56.756756,Technology,Phones,West,640.55,3,0.3,148.25
ORD-10523,2025-04-21 22:19:05.945945,Office Supplies,Binders,East,631.97,3,0.2,45.62
ORD-10524,2025-04-22 20:12:15.135135,Office Supplies,Art,North,1270.57,4,0.1,375.91
ORD-10525,2025-04-23 18:05:24.324324,Furniture,Chairs,North,204.79,7,0.3,30.36
ORD-10526,2025-04-24 15:58:33.513513,Technology,Accessories,South,1937.31,5,0.0,440.02
ORD-10527,2025-04-25 13:51:42.702702,Furniture,Tables,North,2191.85,9,0.5,299.45
ORD-10528,2025-04-26 11:44:51.891891,Office Supplies,Art,South,1549.07,4,0.2,381.59
ORD-10529,2025-04-27 09:38:01.081081,Office Supplies,Paper,North,1094.18,7,0.5,278.63
ORD-10530,2025-04-28 07:31:10.270270,Office Supplies,Art,South,1425.97,9,0.2,494.89
ORD-10531,2025-04-29 05:24:19.459459,Office Supplies,Binders,North,1821.04,6,0.0,299.03
ORD-10532,2025-04-30 03:17:28.648648,Office Supplies,Art,South,789.41,2,0.0,103.14
ORD-10533,2025-05-01 01:10:37.837837,Furniture,Tables,North,216.12,1,0.3,45.79
ORD-10534,2025-05-01 23:03:47.027027,Office Supplies,Paper,North,2368.51,6,0.0,240.7
ORD-10535,2025-05-02 20:56:56.216216,Technology,Phones,East,616.52,8,0.2,175.44
ORD-10536,2025-05-03 18:50:05.405405,Office Supplies,Art,South,2997.58,7,0.0,396.34
ORD-10537,2025-05-04 16:43:14.594594,Office Supplies,Paper,North,1170.31,9,0.3,396.07
ORD-10538,2025-05-05 14:36:23.783783,Office Supplies,Paper,East,184.49,1,0.5,51.64
ORD-10539,2025-05-06 12:29:32.972972,Technology,Phones,East,1112.66,4,0.3,177.93
ORD-10540,2025-05-07 10:22:42.162162,Office Supplies,Art,West,68.8,3,0.1,14.15
ORD-10541,2025-05-08 08:15:51.351351,Furniture,Chairs,East,576.62,4,0.5,160.18
ORD-10542,2025-05-09 06:09:00.540540,Technology,Phones,North,358.41,8,0.0,51.13
ORD-10543,2025-05-10 04:02:09.729729,Furniture,Chairs,West,1145.24,3,0.2,355.38
ORD-10544,2025-05-11 01:55:18.918918,Technology,Accessories,West,962.89,7,0.2,189.02
ORD-10545,2025-05-11 23:48:28.108108,Office Supplies,Binders,West,,7,0.2,389.08
ORD-10546,2025-05-12 21:41:37.297297,Technology,Phones,West,669.01,5,0.2,112.07
ORD-10547,2025-05-13 19:34:46.486486,Furniture,Chairs,North,1986.45,9,0.5,130.06
ORD-10548,2025-05-14 17:27:55.675675,Office Supplies,Paper,South,364.36,2,0.2,88.28
ORD-10549,2025-05-15 15:21:04.864864,Office Supplies,Binders,South,1656.67,7,0.5,462.91
ORD-10550,2025-05-16 13:14:14.054054,Office Supplies,Art,East,772.8,7,0.5,52.14
ORD-10551,2025-05-17 11:07:23.243243,Technology,Laptops,East,3973.67,9,0.1,733.27
ORD-10552,2025-05-18 09:00:32.432432,Furniture,Chairs,South,1188.33,6,0.3,197.3
ORD-10553,2025-05-19 06:53:41.621621,Technology,Laptops,South,713.31,4,0.2,142.88
ORD-10554,2025-05-20 04:46:50.810810,Office Supplies,Art,East,453.35,2,0.1,59.76
ORD-10555,2025-05-21 02:40:00.000000,Furniture,Tables,South,199.33,7,0.5,55.31
ORD-10556,2025-05-22 00:33:09.189189,Office Supplies,Paper,South,861.12,4,0.3,60.85
ORD-10557,2025-05-22 22:26:18.378378,Furniture,Tables,North,,2,0.2,140.74
ORD-10558,2025-05-23 20:19:27.567567,Technology,Laptops,North,503.18,4,0.1,153.9
ORD-10559,2025-05-24 18:12:36.756756,Technology,Accessories,South,679.09,9,0.2,180.01
ORD-10560,2025-05-25 16:05:45.945945,Technology,Accessories,West,1920.59,6,0.0,125.12
ORD-10561,2025-05-26 13:58:55.135135,Technology,Phones,North,1877.63,4,0.0,347.5
ORD-10562,2025-05-27 11:52:04.324324,Technology,Laptops,West,3427.15,9,0.1,929.58
ORD-10563,2025-05-28 09:45:13.513513,Furniture,Tables,North,677.8,2,0.1,50.72
ORD-10564,2025-05-29 07:38:22.702702,Office Supplies,Paper,East,1438.48,9,0.3,253.39
ORD-10565,2025-05-30 05:31:31.891891,Technology,Accessories,South,908.81,3,0.0,194.54
ORD-10566,2025-05-31 03:24:41.081081,Technology,Laptops,South,471.73,4,0.0,139.4
ORD-10567,2025-06-01 01:17:50.270270,Office Supplies,Art,West,61.46,1,0.5,-5.5
ORD-10568,2025-06-01 23:10:59.459459,Furniture,Bookcases,North,669.08,2,0.1,151.31
ORD-10569,2025-06-02 21:04:08.648648,Furniture,Tables,West,2365.87,7,0.2,464.56
ORD-10570,2025-06-03 18:57:17.837837,Office Supplies,Paper,West,948.17,3,0.0,119.48
ORD-10571,2025-06-04 16:50:27.027027,Office Supplies,Binders,West,,3,0.0,381.65
ORD-10572,2025-06-05 14:43:36.216216,Furniture,Bookcases,North,730.34,7,0.3,231.05
ORD-10573,2025-06-06 12:36:45.405405,Technology,Phones,South,2865.16,8,0.1,682.99
ORD-10574,2025-06-07 10:29:54.594594,Office Supplies,Art,West,946.04,6,0.3,193.15
ORD-10575,2025-06-08 08:23:03.783783,Office Supplies,Paper,East,665.4,2,0.2,148.81
ORD-10576,2025-06-09 06:16:12.972972,Technology,Laptops,West,230.13,7,0.3,20.01
ORD-10577,2025-06-10 04:09:22.162162,Technology,Accessories,East,2006.9,6,0.0,656.67
ORD-10578,2025-06-11 02:02:31.351351,Technology,Phones,North,54.56,1,0.5,4.95
ORD-10579,2025-06-11 23:55:40.540540,Office Supplies,Paper,East,655.69,4,0.3,83.67
ORD-10580,2025-06-12 21:48:49.729729,Office Supplies,Binders,East,1549.57,9,0.1,460.65
ORD-10581,2025-06-13 19:41:58.918918,Technology,Phones,East,2339.02,7,0.3,554.58
ORD-10582,2025-06-14 17:35:08.108108,Technology,Laptops,South,918.79,7,0.0,74.21
ORD-10583,2025-06-15 15:28:17.297297,Technology,Laptops,East,562.4,3,0.0,173.02
ORD-10584,2025-06-16 13:21:26.486486,Furniture,Bookcases,North,1691.79,7,0.0,91.31
ORD-10585,2025-06-17 11:14:35.675675,Technology,Phones,East,760.64,5,0.3,84.42
ORD-10586,2025-06-18 09:07:44.864864,Office Supplies,Paper,North,132.02,7,0.1,25.67
ORD-10587,2025-06-19 07:00:54.054054,Furniture,Tables,South,360.64,6,0.0,62.85
ORD-10588,2025-06-20 04:54:03.243243,Furniture,Bookcases,South,380.2,3,0.0,43.18
ORD-10589,2025-06-21 02:47:12.432432,Office Supplies,Binders,East,767.14,7,0.2,111.61
ORD-10590,2025-06-22 00:40:21.621621,Furniture,Bookcases,North,1976.15,9,0.0,419.48
ORD-10591,2025-06-22 22:33:30.810810,Furniture,Bookcases,South,105.98,1,0.1,16.4
ORD-10592,2025-06-23 20:26:40.000000,Furniture,Chairs,South,128.97,1,0.5,9.5
ORD-10593,2025-06-24 18:19:49.189189,Furniture,Chairs,East,1548.42,5,0.2,168.33
ORD-10594,2025-06-25 16:12:58.378378,Technology,Accessories,North,28.7,1,0.0,8.82
ORD-10595,2025-06-26 14:06:07.567567,Office Supplies,Paper,East,569.3,5,0.1,69.72
ORD-10596,2025-06-27 11:59:16.756756,Technology,Laptops,West,2494.04,9,0.0,472.66
ORD-10597,2025-06-28 09:52:25.945945,Furniture,Chairs,East,235.57,3,0.5,14.74
ORD-10598,2025-06-29 07:45:35.135135,Furniture,Chairs,North,79.25,3,0.0,23.07
ORD-10599,2025-06-30 05:38:44.324324,Office Supplies,Binders,West,2470.32,8,0.3,252.19
ORD-10600,2025-07-01 03:31:53.513513,Office Supplies,Paper,North,200.23,2,0.5,59.43
ORD-10601,2025-07-02 01:25:02.702702,Technology,Accessories,South,301.57,3,0.2,75.01
ORD-10602,2025-07-02 23:18:11.891891,Office Supplies,Art,South,675.22,2,0.0,109.37
ORD-10603,2025-07-03 21:11:21.081081,Office Supplies,Binders,North,2265.93,8,0.0,508.26
ORD-10604,2025-07-04 19:04:30.270270,Technology,Laptops,South,1215.52,5,0.1,335.37
ORD-10605,2025-07-05 16:57:39.459459,Office Supplies,Paper,East,1656.16,7,0.3,270.95
ORD-10606,2025-07-06 14:50:48.648648,Furniture,Chairs,West,1087.09,7,0.5,257.68
ORD-10607,2025-07-07 12:43:57.837837,Furniture,Chairs,North,1612.67,6,0.3,303.92
ORD-10608,2025-07-08 10:37:07.027027,Technology,Accessories,South,2419.86,8,0.0,296.31
ORD-10609,2025-07-09 08:30:16.216216,Office Supplies,Binders,South,270.58,1,0.1,42.6
ORD-10610,2025-07-10 06:23:25.405405,Furniture,Bookcases,South,150.53,1,0.0,19.45
ORD-10611,2025-07-11 04:16:34.594594,Furniture,Bookcases,South,191.65,1,0.3,30.21
ORD-10612,2025-07-12 02:09:43.783783,Furniture,Chairs,East,1495.47,4,0.1,369.76
ORD-10613,2025-07-13 00:02:52.972972,Office Supplies,Art,West,2410.73,7,0.3,674.06
ORD-10614,2025-07-13 21:56:02.162162,Technology,Phones,North,108.49,6,0.5,24.34
ORD-10615,2025-07-14 19:49:11.351351,Office Supplies,Paper,West,3455.18,8,0.0,1103.5
ORD-10616,2025-07-15 17:42:20.540540,Office Supplies,Art,North,3138.38,7,0.1,950.38
ORD-10617,2025-07-16 15:35:29.729729,Office Supplies,Paper,South,275.35,6,0.3,82.37
ORD-10618,2025-07-17 13:28:38.918918,Technology,Accessories,East,1197.27,3,0.2,261.01
ORD-10619,2025-07-18 11:21:48.108108,Technology,Phones,North,73.83,3,0.2,18.5
ORD-10620,2025-07-19 09:14:57.297297,Furniture,Bookcases,South,591.16,5,0.1,152.79
ORD-10621,2025-07-20 07:08:06.486486,Office Supplies,Art,West,705.66,3,0.5,208.28
ORD-10622,2025-07-21 05:01:15.675675,Furniture,Bookcases,North,1585.68,4,0.2,285.68
ORD-10623,2025-07-22 02:54:24.864864,Furniture,Chairs,East,934.99,9,0.2,286.34
ORD-10624,2025-07-23 00:47:34.054054,Office Supplies,Binders,South,1774.6,7,0.2,334.57
ORD-10625,2025-07-23 22:40:43.243243,Technology,Laptops,West,1705.7,6,0.3,560.26
ORD-10626,2025-07-24 20:33:52.432432,Furniture,Bookcases,West,349.14,2,0.1,26.99
ORD-10627,2025-07-25 18:27:01.621621,Office Supplies,Paper,West,184.43,5,0.2,43.79
ORD-10628,2025-07-26 16:20:10.810810,Technology,Laptops,South,398.91,6,0.3,63.47
ORD-10629,2025-07-27 14:13:20.000000,Furniture,Tables,South,379.74,1,0.1,19.17
ORD-10630,2025-07-28 12:06:29.189189,Technology,Accessories,East,2594.24,8,0.2,623.05
ORD-10631,2025-07-29 09:59:38.378378,Furniture,Tables,North,530.73,2,0.1,171.23
ORD-10632,2025-07-30 07:52:47.567567,Furniture,Bookcases,West,1708.89,8,0.3,95.72
ORD-10633,2025-07-31 05:45:56.756756,Furniture,Tables,North,1417.17,4,0.2,156.66
ORD-10634,2025-08-01 03:39:05.945945,Technology,Accessories,East,457.57,8,0.5,122.71
ORD-10635,2025-08-02 01:32:15.135135,Office Supplies,Paper,East,92.91,3,0.1,21.91
ORD-10636,2025-08-02 23:25:24.324324,Office Supplies,Art,North,1886.28,8,0.5,119.62
ORD-10637,2025-08-03 21:18:33.513513,Office Supplies,Paper,East,,1,0.1,99.78
ORD-10638,2025-08-04 19:11:42.702702,Office Supplies,Binders,East,75.74,2,0.3,1.61
ORD-10639,2025-08-05 17:04:51.891891,Office Supplies,Binders,South,383.43,8,0.3,63.61
ORD-10640,2025-08-06 14:58:01.081081,Office Supplies,Paper,South,3052.51,9,0.3,401.54
ORD-10641,2025-08-07 12:51:10.270270,Office Supplies,Binders,West,702.57,8,0.3,203.36
ORD-10642,2025-08-08 10:44:19.459459,Technology,Phones,North,338.92,4,0.3,25.88
ORD-10643,2025-08-09 08:37:28.648648,Furniture,Bookcases,West,429.94,8,0.1,126.46
ORD-10644,2025-08-10 06:30:37.837837,Office Supplies,Binders,West,1123.55,5,0.1,224.57
ORD-10645,2025-08-11 04:23:47.027027,Furniture,Bookcases,West,374.79,7,0.1,109.21
ORD-10646,2025-08-12 02:16:56.216216,Furniture,Chairs,West,240.05,2,0.5,27.0
ORD-10647,2025-08-13 00:10:05.405405,Furniture,Bookcases,West,2439.48,8,0.1,349.68
ORD-10648,2025-08-13 22:03:14.594594,Office Supplies,Art,East,271.09,1,0.3,8.84
ORD-10649,2025-08-14 19:56:23.783783,Technology,Laptops,North,1615.53,9,0.3,407.76
ORD-10650,2025-08-15 17:49:32.972972,Office Supplies,Paper,East,110.81,2,0.3,13.37
ORD-10651,2025-08-16 15:42:42.162162,Furniture,Chairs,North,330.06,1,0.2,85.4
ORD-10652,2025-08-17 13:35:51.351351,Furniture,Tables,East,781.9,6,0.0,213.05
ORD-10653,2025-08-18 11:29:00.540540,Office Supplies,Binders,East,1290.77,6,0.5,162.44
ORD-10654,2025-08-19 09:22:09.729729,Office Supplies,Paper,South,453.53,2,0.5,91.13
ORD-10655,2025-08-20 07:15:18.918918,Office Supplies,Binders,North,958.96,6,0.2,314.06
ORD-10656,2025-08-21 05:08:28.108108,Office Supplies,Paper,East,520.3,5,0.0,29.95
ORD-10657,2025-08-22 03:01:37.297297,Office Supplies,Binders,North,391.56,4,0.3,13.65
ORD-10658,2025-08-23 00:54:46.486486,Office Supplies,Binders,South,160.56,1,0.5,9.21
ORD-10659,2025-08-23 22:47:55.675675,Technology,Phones,East,144.99,1,0.1,46.51
ORD-10660,2025-08-24 20:41:04.864864,Office Supplies,Binders,West,,8,0.2,669.72
ORD-10661,2025-08-25 18:34:14.054054,Technology,Phones,West,2893.27,9,0.1,802.7
ORD-10662,2025-08-26 16:27:23.243243,Office Supplies,Paper,South,,7,0.1,498.28
ORD-10663,2025-08-27 14:20:32.432432,Furniture,Tables,North,1930.94,5,0.0,392.32
ORD-10664,2025-08-28 12:13:41.621621,Office Supplies,Paper,West,154.41,5,0.3,14.62
ORD-10665,2025-08-29 10:06:50.810810,Technology,Phones,South,321.67,1,0.2,55.42
ORD-10666,2025-08-30 08:00:00.000000,Technology,Accessories,West,,1,0.0,90.96
ORD-10667,2025-08-31 05:53:09.189189,Office Supplies,Binders,West,281.85,1,0.1,45.25
ORD-10668,2025-09-01 03:46:18.378378,Office Supplies,Art,East,109.06,1,0.1,25.62
ORD-10669,2025-09-02 01:39:27.567567,Technology,Accessories,West,586.88,6,0.5,151.29
ORD-10670,2025-09-02 23:32:36.756756,Office Supplies,Binders,West,1121.36,9,0.2,168.16
ORD-10671,2025-09-03 21:25:45.945945,Technology,Phones,East,544.92,2,0.2,127.4
ORD-10672,2025-09-04 19:18:55.135135,Office Supplies,Paper,South,235.85,3,0.3,65.8
ORD-10673,2025-09-05 17:12:04.324324,Office Supplies,Paper,East,1349.11,4,0.1,434.95
ORD-10674,2025-09-06 15:05:13.513513,Furniture,Chairs,West,251.3,1,0.3,81.21
ORD-10675,2025-09-07 12:58:22.702702,Furniture,Bookcases,South,953.78,8,0.3,116.38
ORD-10676,2025-09-08 10:51:31.891891,Furniture,Chairs,East,3389.17,8,0.1,1111.64
ORD-10677,2025-09-09 08:44:41.081081,Office Supplies,Paper,East,1222.81,8,0.5,215.01
ORD-10678,2025-09-10 06:37:50.270270,Furniture,Bookcases,South,1771.64,8,0.1,567.46
ORD-10679,2025-09-11 04:30:59.459459,Furniture,Bookcases,East,2968.96,8,0.1,985.06
ORD-10680,2025-09-12 02:24:08.648648,Technology,Accessories,East,2741.78,9,0.1,724.95
ORD-10681,2025-09-13 00:17:17.837837,Office Supplies,Art,South,1074.03,4,0.3,148.84
ORD-10682,2025-09-13 22:10:27.027027,Office Supplies,Paper,South,2665.88,9,0.2,402.9
ORD-10683,2025-09-14 20:03:36.216216,Technology,Phones,West,309.61,6,0.5,54.84
ORD-10684,2025-09-15 17:56:45.405405,Furniture,Chairs,East,1489.06,4,0.0,147.9
ORD-10685,2025-09-16 15:49:54.594594,Technology,Laptops,North,1903.26,6,0.3,507.69
ORD-10686,2025-09-17 13:43:03.783783,Office Supplies,Binders,North,700.73,3,0.2,117.41
ORD-10687,2025-09-18 11:36:12.972972,Furniture,Chairs,West,47.77,1,0.2,9.87
ORD-10688,2025-09-19 09:29:22.162162,Technology,Laptops,North,970.84,5,0.2,330.13
ORD-10689,2025-09-20 07:22:31.351351,Technology,Phones,North,524.52,2,0.3,117.31
ORD-10690,2025-09-21 05:15:40.540540,Office Supplies,Art,South,649.01,8,0.5,70.39
ORD-10691,2025-09-22 03:08:49.729729,Furniture,Tables,North,1699.14,7,0.5,197.33
ORD-10692,2025-09-23 01:01:58.918918,Furniture,Bookcases,East,132.32,4,0.0,24.79
ORD-10693,2025-09-23 22:55:08.108108,Technology,Accessories,North,77.57,1,0.1,10.24
ORD-10694,2025-09-24 20:48:17.297297,Technology,Accessories,North,747.38,6,0.5,205.38
ORD-10695,2025-09-25 18:41:26.486486,Furniture,Bookcases,North,143.75,1,0.5,0.84
ORD-10696,2025-09-26 16:34:35.675675,Technology,Laptops,North,874.59,6,0.5,184.98
ORD-10697,2025-09-27 14:27:44.864864,Technology,Accessories,North,121.89,1,0.2,2.71
ORD-10698,2025-09-28 12:20:54.054054,Technology,Laptops,South,,1,0.1,9.95
ORD-10699,2025-09-29 10:14:03.243243,Technology,Laptops,West,525.88,6,0.1,177.51
ORD-10700,2025-09-30 08:07:12.432432,Technology,Phones,South,1234.69,7,0.2,344.27
ORD-10701,2025-10-01 06:00:21.621621,Office Supplies,Art,North,399.5,3,0.3,95.64
ORD-10702,2025-10-02 03:53:30.810810,Furniture,Chairs,North,406.48,1,0.1,31.23
ORD-10703,2025-10-03 01:46:40.000000,Technology,Laptops,South,187.78,5,0.3,34.73
ORD-10704,2025-10-03 23:39:49.189189,Furniture,Chairs,South,459.81,2,0.2,55.18
ORD-10705,2025-10-04 21:32:58.378378,Office Supplies,Paper,South,246.98,8,0.3,74.25
ORD-10706,2025-10-05 19:26:07.567567,Furniture,Chairs,North,172.42,3,0.1,8.85
ORD-10707,2025-10-06 17:19:16.756756,Technology,Phones,East,415.75,2,0.5,92.86
ORD-10708,2025-10-07 15:12:25.945945,Furniture,Tables,West,1399.33,4,0.1,422.37
ORD-10709,2025-10-08 13:05:35.135135,Furniture,Chairs,North,394.55,4,0.2,81.94
ORD-10710,2025-10-09 10:58:44.324324,Furniture,Bookcases,East,248.09,1,0.3,23.81
ORD-10711,2025-10-10 08:51:53.513513,Office Supplies,Paper,West,1986.26,6,0.2,659.46
ORD-10712,2025-10-11 06:45:02.702702,Furniture,Bookcases,East,1047.6,3,0.3,253.65
ORD-10713,2025-10-12 04:38:11.891891,Technology,Laptops,North,932.2,9,0.1,218.77
ORD-10714,2025-10-13 02:31:21.081081,Office Supplies,Paper,East,1129.2,4,0.0,110.74
ORD-10715,2025-10-14 00:24:30.270270,Technology,Accessories,North,3162.55,9,0.0,207.83
ORD-10716,2025-10-14 22:17:39.459459,Office Supplies,Binders,South,199.2,3,0.5,49.86
ORD-10717,2025-10-15 20:10:48.648648,Technology,Accessories,East,118.0,1,0.1,36.7
ORD-10718,2025-10-16 18:03:57.837837,Furniture,Tables,South,19.72,1,0.2,-2.84
ORD-10719,2025-10-17 15:57:07.027027,Furniture,Tables,North,1754.73,4,0.1,118.31
ORD-10720,2025-10-18 13:50:16.216216,Office Supplies,Art,East,2542.61,8,0.3,446.17
ORD-10721,2025-10-19 11:43:25.405405,Furniture,Bookcases,North,64.26,1,0.5,-5.1
ORD-10722,2025-10-20 09:36:34.594594,Furniture,Tables,North,270.41,5,0.1,65.29
ORD-10723,2025-10-21 07:29:43.783783,Technology,Phones,North,530.27,3,0.3,46.18
ORD-10724,2025-10-22 05:22:52.972972,Furniture,Chairs,West,1347.07,5,0.3,282.58
ORD-10725,2025-10-23 03:16:02.162162,Technology,Laptops,East,776.53,4,0.1,50.03
ORD-10726,2025-10-24 01:09:11.351351,Furniture,Chairs,East,2270.06,7,0.2,546.38
ORD-10727,2025-10-24 23:02:20.540540,Technology,Laptops,West,678.87,4,0.0,80.78
ORD-10728,2025-10-25 20:55:29.729729,Office Supplies,Binders,South,1370.98,4,0.0,126.59
ORD-10729,2025-10-26 18:48:38.918918,Furniture,Tables,North,1072.21,4,0.2,165.56
ORD-10730,2025-10-27 16:41:48.108108,Furniture,Chairs,West,68.82,2,0.0,6.67
ORD-10731,2025-10-28 14:34:57.297297,Office Supplies,Art,South,446.02,3,0.5,97.66
ORD-10732,2025-10-29 12:28:06.486486,Office Supplies,Paper,West,411.29,2,0.1,71.31
ORD-10733,2025-10-30 10:21:15.675675,Technology,Laptops,East,1131.09,5,0.0,100.39
ORD-10734,2025-10-31 08:14:24.864864,Technology,Accessories,South,283.44,2,0.0,89.84
ORD-10735,2025-11-01 06:07:34.054054,Technology,Accessories,West,1743.18,5,0.1,400.22
ORD-10736,2025-11-02 04:00:43.243243,Office Supplies,Binders,East,414.53,8,0.2,122.04
ORD-10737,2025-11-03 01:53:52.432432,Office Supplies,Binders,East,473.09,1,0.0,120.52
ORD-10738,2025-11-03 23:47:01.621621,Furniture,Tables,West,266.49,6,0.5,40.43
ORD-10739,2025-11-04 21:40:10.810810,Furniture,Chairs,North,2725.9,8,0.1,339.62
ORD-10740,2025-11-05 19:33:20.000000,Furniture,Chairs,South,3079.69,9,0.2,254.79
ORD-10741,2025-11-06 17:26:29.189189,Furniture,Tables,North,434.92,2,0.0,82.46
ORD-10742,2025-11-07 15:19:38.378378,Technology,Laptops,West,907.98,9,0.3,170.89
ORD-10743,2025-11-08 13:12:47.567567,Furniture,Chairs,East,332.26,4,0.2,75.75
ORD-10744,2025-11-09 11:05:56.756756,Technology,Laptops,South,742.26,5,0.5,32.61
ORD-10745,2025-11-10 08:59:05.945945,Technology,Laptops,South,1387.97,5,0.1,449.34
ORD-10746,2025-11-11 06:52:15.135135,Furniture,Tables,West,737.77,4,0.5,226.14
ORD-10747,2025-11-12 04:45:24.324324,Technology,Phones,North,1007.85,4,0.2,123.08
ORD-10748,2025-11-13 02:38:33.513513,Technology,Accessories,West,1350.72,5,0.2,304.02
ORD-10749,2025-11-14 00:31:42.702702,Office Supplies,Binders,South,169.61,1,0.5,15.92
ORD-10750,2025-11-14 22:24:51.891891,Office Supplies,Paper,North,2488.49,6,0.1,360.02
ORD-10751,2025-11-15 20:18:01.081081,Office Supplies,Art,West,21.24,1,0.2,-0.67
ORD-10752,2025-11-16 18:11:10.270270,Office Supplies,Binders,South,1439.66,7,0.5,475.58
ORD-10753,2025-11-17 16:04:19.459459,Office Supplies,Paper,North,2213.37,6,0.1,511.81
ORD-10754,2025-11-18 13:57:28.648648,Office Supplies,Paper,West,1227.07,7,0.3,90.93
ORD-10755,2025-11-19 11:50:37.837837,Office Supplies,Art,East,699.51,6,0.5,43.37
ORD-10756,2025-11-20 09:43:47.027027,Office Supplies,Binders,East,86.81,1,0.5,2.3
ORD-10757,2025-11-21 07:36:56.216216,Technology,Laptops,North,694.9,4,0.5,169.56
ORD-10758,2025-11-22 05:30:05.405405,Technology,Accessories,West,713.95,3,0.3,178.22
ORD-10759,2025-11-23 03:23:14.594594,Technology,Phones,East,718.24,4,0.2,189.26
ORD-10760,2025-11-24 01:16:23.783783,Technology,Accessories,North,986.45,9,0.3,188.94
ORD-10761,2025-11-24 23:09:32.972972,Technology,Laptops,East,346.94,3,0.1,69.84
ORD-10762,2025-11-25 21:02:42.162162,Office Supplies,Binders,East,441.33,9,0.2,128.28
ORD-10763,2025-11-26 18:55:51.351351,Office Supplies,Art,East,832.83,7,0.1,113.51
ORD-10764,2025-11-27 16:49:00.540540,Office Supplies,Binders,South,736.82,3,0.3,98.87
ORD-10765,2025-11-28 14:42:09.729729,Furniture,Chairs,East,1576.35,8,0.3,418.14
ORD-10766,2025-11-29 12:35:18.918918,Office Supplies,Art,East,400.21,4,0.1,110.51
ORD-10767,2025-11-30 10:28:28.108108,Office Supplies,Art,North,150.24,5,0.0,51.47
ORD-10768,2025-12-01 08:21:37.297297,Technology,Laptops,South,3048.84,9,0.3,508.59
ORD-10769,2025-12-02 06:14:46.486486,Technology,Accessories,South,852.68,6,0.5,63.44
ORD-10770,2025-12-03 04:07:55.675675,Office Supplies,Art,North,358.4,9,0.2,22.17
ORD-10771,2025-12-04 02:01:04.864864,Furniture,Tables,East,49.73,1,0.3,2.46
ORD-10772,2025-12-04 23:54:14.054054,Office Supplies,Binders,West,1774.84,9,0.1,413.66
ORD-10773,2025-12-05 21:47:23.243243,Technology,Laptops,West,1431.5,6,0.0,475.47
ORD-10774,2025-12-06 19:40:32.432432,Furniture,Chairs,South,83.42,1,0.1,8.74
ORD-10775,2025-12-07 17:33:41.621621,Technology,Laptops,South,455.65,4,0.3,70.33
ORD-10776,2025-12-08 15:26:50.810810,Furniture,Chairs,West,288.67,6,0.0,18.07
ORD-10777,2025-12-09 13:20:00.000000,Furniture,Chairs,North,182.18,3,0.2,21.26
ORD-10778,2025-12-10 11:13:09.189189,Office Supplies,Art,East,,9,0.3,409.39
ORD-10779,2025-12-11 09:06:18.378378,Office Supplies,Art,East,1133.68,4,0.1,214.5
ORD-10780,2025-12-12 06:59:27.567567,Technology,Laptops,South,1045.31,6,0.3,333.45
ORD-10781,2025-12-13 04:52:36.756756,Furniture,Tables,North,2177.76,7,0.1,752.21
ORD-10782,2025-12-14 02:45:45.945945,Furniture,Chairs,South,1486.08,6,0.2,300.48
ORD-10783,2025-12-15 00:38:55.135135,Office Supplies,Binders,North,3642.01,9,0.1,1064.75
ORD-10784,2025-12-15 22:32:04.324324,Furniture,Tables,East,1720.64,7,0.5,82.69
ORD-10785,2025-12-16 20:25:13.513513,Technology,Phones,East,808.96,5,0.3,40.3
ORD-10786,2025-12-17 18:18:22.702702,Furniture,Tables,East,2220.45,7,0.3,606.04
ORD-10787,2025-12-18 16:11:31.891891,Furniture,Chairs,West,324.01,4,0.3,44.52
ORD-10788,2025-12-19 14:04:41.081081,Technology,Laptops,South,1462.41,6,0.0,79.51
ORD-10789,2025-12-20 11:57:50.270270,Office Supplies,Art,South,1521.17,7,0.3,76.6
ORD-10790,2025-12-21 09:50:59.459459,Technology,Phones,South,145.81,6,0.5,30.7
ORD-10791,2025-12-22 07:44:08.648648,Office Supplies,Binders,East,698.0,7,0.5,27.48
ORD-10792,2025-12-23 05:37:17.837837,Office Supplies,Art,South,66.83,3,0.5,12.44
ORD-10793,2025-12-24 03:30:27.027027,Office Supplies,Art,South,792.73,4,0.2,50.39
ORD-10794,2025-12-25 01:23:36.216216,Technology,Accessories,West,927.06,3,0.3,112.14
ORD-10795,2025-12-25 23:16:45.405405,Technology,Phones,East,288.06,7,0.0,92.42
ORD-10796,2025-12-26 21:09:54.594594,Technology,Phones,West,178.59,1,0.0,13.06
ORD-10797,2025-12-27 19:03:03.783783,Technology,Phones,West,717.95,9,0.2,180.67
ORD-10798,2025-12-28 16:56:12.972972,Technology,Accessories,North,744.74,2,0.2,157.18
ORD-10799,2025-12-29 14:49:22.162162,Furniture,Bookcases,West,335.52,9,0.2,89.88
ORD-10800,2025-12-30 12:42:31.351351,Technology,Phones,West,484.15,9,0.2,160.78
ORD-10801,2025-12-31 10:35:40.540540,Furniture,Bookcases,South,299.45,5,0.1,84.62
ORD-10802,2026-01-01 08:28:49.729729,Furniture,Tables,East,251.09,2,0.3,12.03
ORD-10803,2026-01-02 06:21:58.918918,Furniture,Bookcases,North,2215.16,7,0.2,322.68
ORD-10804,2026-01-03 04:15:08.108108,Furniture,Tables,South,2223.1,6,0.0,531.8
ORD-10805,2026-01-04 02:08:17.297297,Office Supplies,Art,South,156.82,7,0.2,19.56
ORD-10806,2026-01-05 00:01:26.486486,Office Supplies,Art,North,568.06,3,0.3,170.06
ORD-10807,2026-01-05 21:54:35.675675,Technology,Phones,South,209.27,3,0.2,35.32
ORD-10808,2026-01-06 19:47:44.864864,Furniture,Chairs,South,1435.23,7,0.3,356.59
ORD-10809,2026-01-07 17:40:54.054054,Technology,Laptops,West,1664.78,7,0.5,290.02
ORD-10810,2026-01-08 15:34:03.243243,Technology,Phones,North,152.08,1,0.2,34.14
ORD-10811,2026-01-09 13:27:12.432432,Office Supplies,Art,East,592.57,2,0.0,146.23
ORD-10812,2026-01-10 11:20:21.621621,Office Supplies,Art,East,85.11,2,0.2,9.32
ORD-10813,2026-01-11 09:13:30.810810,Furniture,Bookcases,South,3397.26,9,0.0,981.38
ORD-10814,2026-01-12 07:06:40.000000,Furniture,Chairs,North,41.96,1,0.5,3.58
ORD-10815,2026-01-13 04:59:49.189189,Technology,Phones,South,1558.27,9,0.0,309.9
ORD-10816,2026-01-14 02:52:58.378378,Technology,Phones,South,170.07,6,0.1,54.54
ORD-10817,2026-01-15 00:46:07.567567,Office Supplies,Paper,East,57.49,1,0.1,13.2
ORD-10818,2026-01-15 22:39:16.756756,Technology,Phones,East,57.11,1,0.5,1.33
ORD-10819,2026-01-16 20:32:25.945945,Furniture,Bookcases,South,772.73,9,0.5,216.45
ORD-10820,2026-01-17 18:25:35.135135,Office Supplies,Paper,West,2749.56,6,0.0,407.56
ORD-10821,2026-01-18 16:18:44.324324,Technology,Laptops,West,997.14,8,0.1,178.28
ORD-10822,2026-01-19 14:11:53.513513,Technology,Laptops,North,1513.93,6,0.2,111.57
ORD-10823,2026-01-20 12:05:02.702702,Furniture,Tables,South,773.12,9,0.3,36.04
ORD-10824,2026-01-21 09:58:11.891891,Technology,Phones,East,1326.81,4,0.0,189.26
ORD-10825,2026-01-22 07:51:21.081081,Furniture,Chairs,West,431.33,3,0.5,70.9
ORD-10826,2026-01-23 05:44:30.270270,Office Supplies,Binders,East,576.41,2,0.3,195.22
ORD-10827,2026-01-24 03:37:39.459459,Furniture,Chairs,East,3980.53,9,0.0,363.38
ORD-10828,2026-01-25 01:30:48.648648,Office Supplies,Art,North,728.08,4,0.3,108.29
ORD-10829,2026-01-25 23:23:57.837837,Technology,Accessories,South,651.38,6,0.5,205.19
ORD-10830,2026-01-26 21:17:07.027027,Furniture,Tables,East,1938.06,5,0.0,185.21
ORD-10831,2026-01-27 19:10:16.216216,Office Supplies,Paper,North,869.94,2,0.1,191.58
ORD-10832,2026-01-28 17:03:25.405405,Furniture,Bookcases,South,458.6,3,0.1,49.35
ORD-10833,2026-01-29 14:56:34.594594,Technology,Accessories,South,813.71,3,0.0,131.06
ORD-10834,2026-01-30 12:49:43.783783,Technology,Accessories,East,496.82,7,0.2,163.37
ORD-10835,2026-01-31 10:42:52.972972,Office Supplies,Binders,East,39.97,1,0.2,0.98
ORD-10836,2026-02-01 08:36:02.162162,Office Supplies,Binders,North,2718.27,7,0.1,357.11
ORD-10837,2026-02-02 06:29:11.351351,Furniture,Tables,East,2085.72,6,0.0,137.93
ORD-10838,2026-02-03 04:22:20.540540,Furniture,Bookcases,South,350.5,3,0.3,95.9
ORD-10839,2026-02-04 02:15:29.729729,Furniture,Chairs,South,715.72,3,0.5,172.36
ORD-10840,2026-02-05 00:08:38.918918,Office Supplies,Binders,East,2804.48,8,0.2,812.03
ORD-10841,2026-02-05 22:01:48.108108,Technology,Phones,North,1933.72,8,0.3,453.25
ORD-10842,2026-02-06 19:54:57.297297,Office Supplies,Binders,North,3461.17,8,0.0,666.77
ORD-10843,2026-02-07 17:48:06.486486,Furniture,Bookcases,West,564.33,7,0.2,138.77
ORD-10844,2026-02-08 15:41:15.675675,Technology,Laptops,East,951.54,4,0.2,216.09
ORD-10845,2026-02-09 13:34:24.864864,Office Supplies,Paper,West,865.22,3,0.2,257.0
ORD-10846,2026-02-10 11:27:34.054054,Office Supplies,Paper,North,116.23,1,0.3,3.74
ORD-10847,2026-02-11 09:20:43.243243,Furniture,Tables,South,68.25,2,0.2,13.32
ORD-10848,2026-02-12 07:13:52.432432,Office Supplies,Art,East,375.74,9,0.5,24.48
ORD-10849,2026-02-13 05:07:01.621621,Furniture,Chairs,North,32.87,1,0.3,0.85
ORD-10850,2026-02-14 03:00:10.810810,Technology,Laptops,South,726.13,6,0.5,116.9
ORD-10851,2026-02-15 00:53:20.000000,Furniture,Bookcases,South,110.43,2,0.0,25.25
ORD-10852,2026-02-15 22:46:29.189189,Technology,Phones,North,1031.15,5,0.5,295.3
ORD-10853,2026-02-16 20:39:38.378378,Furniture,Chairs,East,137.61,1,0.1,43.31
ORD-10854,2026-02-17 18:32:47.567567,Office Supplies,Binders,South,1017.33,6,0.0,183.71
ORD-10855,2026-02-18 16:25:56.756756,Office Supplies,Paper,North,1798.4,8,0.1,206.42
ORD-10856,2026-02-19 14:19:05.945945,Technology,Accessories,West,2295.34,6,0.1,228.32
ORD-10857,2026-02-20 12:12:15.135135,Furniture,Bookcases,South,367.53,1,0.0,43.94
ORD-10858,2026-02-21 10:05:24.324324,Technology,Phones,South,364.98,1,0.0,100.3
ORD-10859,2026-02-22 07:58:33.513513,Furniture,Tables,West,82.51,2,0.1,8.92
ORD-10860,2026-02-23 05:51:42.702702,Technology,Phones,West,474.11,2,0.0,86.88
ORD-10861,2026-02-24 03:44:51.891891,Office Supplies,Paper,South,346.8,1,0.2,16.64
ORD-10862,2026-02-25 01:38:01.081081,Furniture,Tables,West,1101.26,3,0.1,379.11
ORD-10863,2026-02-25 23:31:10.270270,Furniture,Tables,South,445.52,1,0.0,136.89
ORD-10864,2026-02-26 21:24:19.459459,Office Supplies,Paper,North,147.11,9,0.3,43.46
ORD-10865,2026-02-27 19:17:28.648648,Office Supplies,Binders,West,1668.85,4,0.0,559.76
ORD-10866,2026-02-28 17:10:37.837837,Technology,Accessories,East,676.54,3,0.0,92.96
ORD-10867,2026-03-01 15:03:47.027027,Office Supplies,Binders,South,1467.59,6,0.5,388.04
ORD-10868,2026-03-02 12:56:56.216216,Furniture,Tables,North,325.74,2,0.0,47.03
ORD-10869,2026-03-03 10:50:05.405405,Office Supplies,Paper,East,504.31,8,0.2,70.58
ORD-10870,2026-03-04 08:43:14.594594,Furniture,Bookcases,South,207.1,1,0.5,7.73
ORD-10871,2026-03-05 06:36:23.783783,Technology,Accessories,North,1514.2,5,0.3,269.62
ORD-10872,2026-03-06 04:29:32.972972,Furniture,Tables,West,337.19,1,0.2,14.31
ORD-10873,2026-03-07 02:22:42.162162,Office Supplies,Art,East,703.84,5,0.1,112.81
ORD-10874,2026-03-08 00:15:51.351351,Furniture,Tables,West,1916.88,7,0.1,190.21
ORD-10875,2026-03-08 22:09:00.540540,Technology,Phones,North,2005.61,6,0.0,488.69
ORD-10876,2026-03-09 20:02:09.729729,Furniture,Bookcases,North,1202.11,6,0.5,117.17
ORD-10877,2026-03-10 17:55:18.918918,Office Supplies,Binders,North,813.35,7,0.2,122.64
ORD-10878,2026-03-11 15:48:28.108108,Office Supplies,Paper,East,2906.76,9,0.1,809.15
ORD-10879,2026-03-12 13:41:37.297297,Technology,Accessories,South,872.61,7,0.5,123.32
ORD-10880,2026-03-13 11:34:46.486486,Office Supplies,Art,East,472.27,2,0.0,153.63
ORD-10881,2026-03-14 09:27:55.675675,Office Supplies,Binders,West,927.11,2,0.0,139.47
ORD-10882,2026-03-15 07:21:04.864864,Furniture,Tables,East,2037.95,7,0.3,433.34
ORD-10883,2026-03-16 05:14:14.054054,Technology,Phones,South,361.78,3,0.1,77.35
ORD-10884,2026-03-17 03:07:23.243243,Technology,Accessories,South,90.17,1,0.2,22.17
ORD-10885,2026-03-18 01:00:32.432432,Furniture,Bookcases,West,888.34,2,0.0,226.67
ORD-10886,2026-03-18 22:53:41.621621,Furniture,Bookcases,South,429.75,1,0.0,100.11
ORD-10887,2026-03-19 20:46:50.810810,Office Supplies,Paper,South,528.11,9,0.0,40.63
ORD-10888,2026-03-20 18:40:00.000000,Technology,Phones,South,1240.78,9,0.0,189.66
ORD-10889,2026-03-21 16:33:09.189189,Technology,Phones,South,1452.22,8,0.5,300.78
ORD-10890,2026-03-22 14:26:18.378378,Office Supplies,Paper,West,79.67,1,0.3,19.89
ORD-10891,2026-03-23 12:19:27.567567,Furniture,Chairs,North,52.61,1,0.3,11.66
ORD-10892,2026-03-24 10:12:36.756756,Office Supplies,Art,West,1229.34,9,0.2,228.97
ORD-10893,2026-03-25 08:05:45.945945,Technology,Accessories,East,914.2,4,0.1,137.54
ORD-10894,2026-03-26 05:58:55.135135,Technology,Laptops,West,556.81,5,0.0,179.77
ORD-10895,2026-03-27 03:52:04.324324,Technology,Phones,West,135.88,1,0.2,20.47
ORD-10896,2026-03-28 01:45:13.513513,Office Supplies,Binders,East,1604.36,8,0.5,359.67
ORD-10897,2026-03-28 23:38:22.702702,Furniture,Tables,West,3404.95,8,0.0,222.61
ORD-10898,2026-03-29 21:31:31.891891,Furniture,Tables,West,2125.21,8,0.3,495.04
ORD-10899,2026-03-30 19:24:41.081081,Office Supplies,Paper,South,1768.56,7,0.0,344.48
ORD-10900,2026-03-31 17:17:50.270270,Office Supplies,Art,West,1162.43,4,0.2,267.95
ORD-10901,2026-04-01 15:10:59.459459,Furniture,Chairs,West,323.54,1,0.1,78.89
ORD-10902,2026-04-02 13:04:08.648648,Technology,Laptops,South,863.2,9,0.5,204.93
ORD-10903,2026-04-03 10:57:17.837837,Furniture,Tables,West,1182.39,4,0.2,229.77
ORD-10904,2026-04-04 08:50:27.027027,Furniture,Tables,West,275.98,3,0.5,46.49
ORD-10905,2026-04-05 06:43:36.216216,Technology,Laptops,South,823.12,4,0.5,128.36
ORD-10906,2026-04-06 04:36:45.405405,Office Supplies,Art,South,1399.78,4,0.2,101.37
ORD-10907,2026-04-07 02:29:54.594594,Office Supplies,Art,North,149.16,3,0.5,21.41
ORD-10908,2026-04-08 00:23:03.783783,Office Supplies,Art,North,364.91,6,0.5,90.13
ORD-10909,2026-04-08 22:16:12.972972,Technology,Accessories,South,1862.91,8,0.5,326.48
ORD-10910,2026-04-09 20:09:22.162162,Furniture,Bookcases,South,1475.51,6,0.1,95.16
ORD-10911,2026-04-10 18:02:31.351351,Furniture,Chairs,North,396.8,3,0.2,73.25
ORD-10912,2026-04-11 15:55:40.540540,Office Supplies,Binders,North,404.55,2,0.0,137.93
ORD-10913,2026-04-12 13:48:49.729729,Technology,Accessories,South,183.07,1,0.5,35.77
ORD-10914,2026-04-13 11:41:58.918918,Office Supplies,Paper,East,1747.87,9,0.1,260.76
ORD-10915,2026-04-14 09:35:08.108108,Technology,Laptops,North,402.05,4,0.3,24.35
ORD-10916,2026-04-15 07:28:17.297297,Technology,Laptops,West,1139.93,6,0.5,93.79
ORD-10917,2026-04-16 05:21:26.486486,Furniture,Bookcases,West,1649.28,8,0.0,244.7
ORD-10918,2026-04-17 03:14:35.675675,Furniture,Tables,South,979.75,6,0.1,61.58
ORD-10919,2026-04-18 01:07:44.864864,Office Supplies,Binders,South,703.25,8,0.5,134.45
ORD-10920,2026-04-18 23:00:54.054054,Technology,Phones,South,1411.64,7,0.2,398.18
ORD-10921,2026-04-19 20:54:03.243243,Technology,Laptops,East,3150.89,9,0.1,700.78
ORD-10922,2026-04-20 18:47:12.432432,Office Supplies,Art,South,203.93,9,0.5,44.19
ORD-10923,2026-04-21 16:40:21.621621,Office Supplies,Paper,North,291.91,2,0.0,49.03
ORD-10924,2026-04-22 14:33:30.810810,Office Supplies,Art,South,1001.45,6,0.5,305.9
ORD-10925,2026-04-23 12:26:40.000000,Technology,Laptops,East,1788.36,4,0.1,607.87
ORD-10926,2026-04-24 10:19:49.189189,Technology,Accessories,North,1931.48,8,0.1,460.07
ORD-10927,2026-04-25 08:12:58.378378,Technology,Laptops,East,1031.1,7,0.0,81.14
ORD-10928,2026-04-26 06:06:07.567567,Furniture,Chairs,North,410.07,8,0.5,30.75
ORD-10929,2026-04-27 03:59:16.756756,Furniture,Chairs,East,1029.56,3,0.2,79.1
ORD-10930,2026-04-28 01:52:25.945945,Office Supplies,Binders,East,281.33,2,0.3,14.79
ORD-10931,2026-04-28 23:45:35.135135,Technology,Accessories,South,1041.67,8,0.3,296.72
ORD-10932,2026-04-29 21:38:44.324324,Office Supplies,Paper,North,392.49,5,0.3,87.04
ORD-10933,2026-04-30 19:31:53.513513,Technology,Laptops,South,,8,0.3,640.19
ORD-10934,2026-05-01 17:25:02.702702,Office Supplies,Art,West,1532.39,4,0.0,172.72
ORD-10935,2026-05-02 15:18:11.891891,Furniture,Chairs,North,617.97,7,0.5,48.33
ORD-10936,2026-05-03 13:11:21.081081,Office Supplies,Art,West,1669.52,7,0.5,567.22
ORD-10937,2026-05-04 11:04:30.270270,Office Supplies,Paper,South,196.13,9,0.1,55.86
ORD-10938,2026-05-05 08:57:39.459459,Technology,Phones,West,1604.23,5,0.3,473.46
ORD-10939,2026-05-06 06:50:48.648648,Technology,Laptops,South,685.23,2,0.1,132.6
ORD-10940,2026-05-07 04:43:57.837837,Furniture,Tables,East,913.63,6,0.0,104.65
ORD-10941,2026-05-08 02:37:07.027027,Technology,Phones,West,354.92,3,0.0,42.83
ORD-10942,2026-05-09 00:30:16.216216,Office Supplies,Paper,North,367.97,3,0.1,50.01
ORD-10943,2026-05-09 22:23:25.405405,Office Supplies,Binders,West,1022.73,8,0.3,118.47
ORD-10944,2026-05-10 20:16:34.594594,Technology,Accessories,North,426.86,5,0.2,86.82
ORD-10945,2026-05-11 18:09:43.783783,Technology,Accessories,South,1371.0,9,0.5,308.71
ORD-10946,2026-05-12 16:02:52.972972,Technology,Laptops,East,590.28,4,0.1,92.92
ORD-10947,2026-05-13 13:56:02.162162,Furniture,Chairs,West,2159.91,8,0.1,542.75
ORD-10948,2026-05-14 11:49:11.351351,Furniture,Chairs,South,,6,0.3,433.45
ORD-10949,2026-05-15 09:42:20.540540,Technology,Accessories,East,,2,0.2,149.12
ORD-10950,2026-05-16 07:35:29.729729,Office Supplies,Paper,West,2901.21,9,0.2,538.72
ORD-10951,2026-05-17 05:28:38.918918,Furniture,Tables,West,957.53,3,0.1,293.77
ORD-10952,2026-05-18 03:21:48.108108,Office Supplies,Paper,West,169.54,7,0.3,47.12
ORD-10953,2026-05-19 01:14:57.297297,Office Supplies,Binders,East,1208.3,6,0.3,167.29
ORD-10954,2026-05-19 23:08:06.486486,Technology,Accessories,North,676.7,2,0.2,91.73
ORD-10955,2026-05-20 21:01:15.675675,Furniture,Tables,South,456.32,4,0.3,150.05
ORD-10956,2026-05-21 18:54:24.864864,Office Supplies,Paper,West,808.7,5,0.1,237.51
ORD-10957,2026-05-22 16:47:34.054054,Office Supplies,Binders,West,476.99,9,0.5,78.28
ORD-10958,2026-05-23 14:40:43.243243,Furniture,Tables,East,811.03,3,0.0,215.85
ORD-10959,2026-05-24 12:33:52.432432,Office Supplies,Binders,North,290.11,5,0.0,81.91
ORD-10960,2026-05-25 10:27:01.621621,Technology,Laptops,East,994.66,4,0.2,53.82
ORD-10961,2026-05-26 08:20:10.810810,Furniture,Chairs,North,1795.14,8,0.5,506.28
ORD-10962,2026-05-27 06:13:20.000000,Furniture,Tables,East,2463.78,6,0.1,481.45
ORD-10963,2026-05-28 04:06:29.189189,Office Supplies,Binders,East,949.42,4,0.0,320.58
ORD-10964,2026-05-29 01:59:38.378378,Technology,Laptops,East,2289.74,6,0.2,388.67
ORD-10965,2026-05-29 23:52:47.567567,Technology,Phones,East,833.15,5,0.2,220.12
ORD-10966,2026-05-30 21:45:56.756756,Technology,Laptops,North,272.84,7,0.3,14.76
ORD-10967,2026-05-31 19:39:05.945945,Technology,Accessories,West,730.09,7,0.5,151.54
ORD-10968,2026-06-01 17:32:15.135135,Office Supplies,Paper,North,846.12,2,0.1,284.18
ORD-10969,2026-06-02 15:25:24.324324,Technology,Phones,East,330.36,2,0.3,84.72
ORD-10970,2026-06-03 13:18:33.513513,Technology,Accessories,South,2394.02,5,0.0,753.6
ORD-10971,2026-06-04 11:11:42.702702,Technology,Laptops,North,167.01,5,0.3,32.57
ORD-10972,2026-06-05 09:04:51.891891,Technology,Accessories,West,1336.4,5,0.0,334.64
ORD-10973,2026-06-06 06:58:01.081081,Furniture,Chairs,South,3298.01,8,0.0,1051.13
ORD-10974,2026-06-07 04:51:10.270270,Technology,Accessories,West,1159.71,8,0.2,254.55
ORD-10975,2026-06-08 02:44:19.459459,Office Supplies,Paper,West,537.52,4,0.0,147.91
ORD-10976,2026-06-09 00:37:28.648648,Furniture,Bookcases,East,1671.55,7,0.1,505.21
ORD-10977,2026-06-09 22:30:37.837837,Office Supplies,Binders,East,2764.5,7,0.1,856.08
ORD-10978,2026-06-10 20:23:47.027027,Furniture,Bookcases,South,,2,0.1,29.96
ORD-10979,2026-06-11 18:16:56.216216,Office Supplies,Art,North,987.25,9,0.2,329.14
ORD-10980,2026-06-12 16:10:05.405405,Technology,Laptops,West,1687.9,4,0.0,534.56
ORD-10981,2026-06-13 14:03:14.594594,Furniture,Bookcases,South,621.81,6,0.3,68.05
ORD-10982,2026-06-14 11:56:23.783783,Office Supplies,Art,West,1707.0,9,0.0,109.89
ORD-10983,2026-06-15 09:49:32.972972,Furniture,Chairs,West,32.57,2,0.3,5.15
ORD-10984,2026-06-16 07:42:42.162162,Furniture,Tables,South,135.97,1,0.0,36.0
ORD-10985,2026-06-17 05:35:51.351351,Office Supplies,Art,East,149.49,7,0.1,32.21
ORD-10986,2026-06-18 03:29:00.540540,Furniture,Bookcases,South,763.16,2,0.1,131.72
ORD-10987,2026-06-19 01:22:09.729729,Office Supplies,Art,South,2292.42,6,0.2,158.02
ORD-10988,2026-06-19 23:15:18.918918,Technology,Phones,East,3177.3,8,0.1,433.03
ORD-10989,2026-06-20 21:08:28.108108,Technology,Laptops,East,1833.79,5,0.0,211.32
ORD-10990,2026-06-21 19:01:37.297297,Office Supplies,Paper,West,2345.76,6,0.2,407.69
ORD-10991,2026-06-22 16:54:46.486486,Technology,Phones,West,807.06,6,0.3,139.0
ORD-10992,2026-06-23 14:47:55.675675,Technology,Laptops,South,2099.23,6,0.0,143.32
ORD-10993,2026-06-24 12:41:04.864864,Technology,Laptops,North,359.53,4,0.3,86.76
ORD-10994,2026-06-25 10:34:14.054054,Furniture,Tables,East,2125.92,7,0.3,384.95
ORD-10995,2026-06-26 08:27:23.243243,Technology,Accessories,East,315.54,9,0.5,63.49
ORD-10996,2026-06-27 06:20:32.432432,Furniture,Chairs,North,907.92,8,0.5,35.96
ORD-10997,2026-06-28 04:13:41.621621,Technology,Laptops,East,652.65,7,0.1,154.32
ORD-10998,2026-06-29 02:06:50.810810,Furniture,Bookcases,West,1136.05,7,0.0,99.27
ORD-10999,2026-06-30 00:00:00.000000,Technology,Laptops,South,2573.19,9,0.0,479.96
